index,종류별,상황별,재료별,방법별,제목,url,조회수,셰프,인분,조리시간,난이도,재료,인트로,조리순서,해시태그,재료양
1,밑반찬,,,,감자볶음 레시피 감자채볶음 햄감자볶음 황금레시피,https://www.10000recipe.com/recipe/7073455,"2,802",뚜루,2인분,20분 이내,아무나,"['감자', '햄', '오일', '소금', '후추']",아이들 있는 집에서는 햄과 감자의 조합이 실패할 확률이 거의 없죠. 오늘은 다른 반찬 없이도 밥 한그릇을 뚝딱 비우게 만들어주는 감자볶음을 만들었어요. 오늘은 매일 먹어도 질리지 않고 다른 반찬들과도 잘 어울리는 햄감자볶음 레시피 소개해 드릴게요 '◡',"['감자 2개와 햄 150g을 준비합니다. 감자는 얇고 일정하게 채 썰어주고, 햄도 감자와 같은 두께로 썰어주세요.', '채 썬 감자는 찬물에 10분 정도 담가 전분기를 제거해주세요. 전분기 뺀 감자는 물기를 충분히 빼주세요.', '기름 없이 마른 팬에 감자를 먼저 넣고 살짝 볶아 수분을 날려준 후 오일을 넉넉히 두르고 감자를 중불에서 볶아주세요. 이때 감자가 타지 않게 계속 섞어주면서 볶는 게 포인트예요.', '감자가 반 정도 익으면 소금으로 간을 해주세요. (약 1/2t) 그리고 햄을 넣고 함께 볶아주세요.', '감자가 모두 익으면 후추, 참기름, 깨소금으로 마무리해 주세요.', '담백하면서 고소한 맛의 햄감자볶음 완성입니다.']","['감자볶음', '감자볶음레시피', '햄감자볶음', '감자채볶음']","['2개', '150g', '넉넉히', '1/2작은술', '넉넉히']"
2,밑반찬,,,,건취나물무침 만드는법,https://www.10000recipe.com/recipe/7083141,207,호수맘,6인분 이상,120분 이내,아무나,"['건취나물', '집간장', '마늘', '들기름', '대파', '참기름', '깨소금', '식소다']",말린 취나물을 불려 조물 조물 묻혀내면 특유의 구수한 향과 쌉싸름한 맛이 입맛을 돋구는 건취나물 무침입니다.,"['건취나물은 먼저 흐르는 물에 여러 번 씻어 이물질을 제거해 주세요.\n큰 볼에 취나물을 담고 충분한 양의 물을 부어 몇 시간 또는 하룻밤 정도 불려줍니다.\n취나무지 부드럽게 불어나면 여러 번 헹궈 주세요.', '불린 취나물은 불린물과같이 냄비에 넣고 삶아 줍니다.\n20분정도 중약불에서 삶은후 불을끄고 식소다넣고 10분정도에 보시면 부드럽습니다 깨끗한물로여러번헹궈주세요', '꼭짠 취나물에 파 송송 마늘 집간장 들기름넣고 조물조물 무처주세요\n깨소금과참기름넣고 가볍게 무처주면 완성입니다\n싱거우면 소금간약간해주세요']","['건취나물무침', '건취나물삶는법', '나물무치기', '말린취나물요리']","['50g', '1T', '1/2T', '1T', '1/2대', '약간', '약간', '1/2T']"
3,밑반찬,,,,간장 진미채 볶음,https://www.10000recipe.com/recipe/7082545,357,호수맘,6인분 이상,15분 이내,아무나,"['진미채', '미림', '마요네즈', '진간장', '미림', '설탕', '올리고당', '다진마늘', '참기름', '깨소금']",오늘은 아이부터 어른까지. 누구나 좋아하는 간장 진미채볶음 만들어 볼게.,"['진미채가 길면 먹기 좋은 크기로 잘라 주세요\n진미채의 미림 3 큰술을 넣고 조물조물 해주세요. 그리고 전자레인지에 40초 데워 마요네즈 1 큰술 넣고 조물조물 버무려주세요.', '양념을 만들어 주세요. 진간장 2 큰술 설탕1 큰술 올리고당 1 큰술 다진 마늘 0.5큰술 넣고 끓여 식혀주세요', '진미채의 양념장을 넣고 조물조물 무쳐주세요\n참기름 깨소금 넣고 가볍게 섞어주면 달콤 짭조름한 간장 진미채 완성입니다.']","['간장진미채볶음', '간장진미채볶음레시피', '간장진미채', '밑반찬만들기', '도시락반찬']","['150g', '3T', '1T', '2T', '2T', '1T', '1T', '1/2T', '약간', '약간']"
4,밑반찬,,,,간장버터 새송이구이,https://www.10000recipe.com/recipe/7018465,"17,883",요리하는허니레빗,2인분,10분 이내,초급,"['새송이버섯', '쪽파', '버터', '올리고당', '다진마늘', '간장', '참기름', '물']",평소 고기 외에는 야채를 싫어하는 저를 위해 만들어 보았는데요 버섯에서 양념갈비 맛이 나서 야채를 싫어하는 사람들에게도 거부감 없이 먹일 수 있어서 성인은 물론 아이들까지도 찾게 되는 맛이에요!,"['새송이 버섯 밑둥을 잘라주시고 흐르는 물에 씻어주세요.\n버섯은 너무 두껍지 않게 대략 2cm 정도 세로로 잘라주세요!\n도마\n,\n조리용나이프', '다음으로는 양념장을 만들어 줄건데요 다진마늘 1T,올리고당2T, 간장 5T,참기름 1T,쪽파2T, 물 2T을 넣고 잘 섞어주세요\n소스볼\n,\n숟가락', '중약불로 팬을 달궈주신 후 팬에 열이 오르면 버터 1조각을 녹여주세요\n프라이팬\n,\n요리집게', '버터가 다 녹으면 팬에 새송이 버섯을 올려 중약불에서 천천히 앞뒤 노릇하게 구워주셔야 고기처럼 쫄깃해져요!', '노릇해진 새송이 버섯에 아까 만들어둔 양념장을 전부 부어 졸여주세요 불의 세기는 계속 중약불로 유지해주셔야해요\n요리스푼', '이렇게 양념이 졸여지면 불을 꺼주세요', '이렇게 하면 맛있는 간장버터 새송이버섯 구이 완성입니다!\n플레이팅접시']","['새송이버섯', '간장구이', '고기대용', '버섯요리', '간장버터새송이버섯구이', '요리']","['1봉지', '2T', '1조각', '2T', '1T', '5T', '1T', '2T']"
5,밑반찬,,,,어묵볶음 만들기 안 불고 쫄깃하게 만드는 법,https://www.10000recipe.com/recipe/7073955,"3,020",눈히,4인분,10분 이내,아무나,"['사각어묵4~5장', '양파', '대파', '당근', '식용유', '물엿', '설탕', '진간장', '맛술', '다진 마늘', '물', '후추', '참기름', '통깨']","간단한 재료로 쉽게 만드는 어묵볶음이에요.
양념을 넣는 순서만 바꿔도 불지 않고 쫄깃하게 완성돼요.","['어묵은 4등분 한 뒤 먹기 좋은 크기로 길쭉하게 썰어 준비합니다.', '양파와 당근은 살짝 도톰하게 채 썰어 아삭한 식감을 살리고, 대파는 어슷 썰어 준비해 주세요. 채소는 넉넉하게 준비한 편이에요.', '팬에 식용유을 두르고 중불에서 어묵을 가볍게 볶아줍니다. 기름으로 겉면을 한 번 코팅해 주면 나중에 양념을 넣어도 쉽게 불지 않아요.', '여기에 물엿과 설탕을 넣어 한 번 더 볶아주세요. 간장을 넣기 전 당분을 먼저 입혀주면 어묵 속까지 쫀득한 식감이 돼요.', '불을 센 불로 올린 뒤, 팬 한쪽으로 공간을 만들어 간장을 넣어주세요. 간장이 지글지글 끓으면 어묵과 빠르게 섞어준 뒤, 이어서 맛술을 넣어 윤기를 더합니다.', '준비한 채소와 다진 마늘을 넣고 센 불에서 가볍게 볶아 숨을 죽인 뒤, 물 2큰술을 넣어 촉촉함을 살짝 더해 주세요.', '마지막으로 불을 끄고 후추, 참기름, 통깨를 넣어 가볍게 섞어 마무리합니다.']","['어묵볶음', '오뎅볶음', '간장어묵볶음', '간장오뎅볶음', '어묵요리', '오뎅요리', '밑반찬', '간단한반찬', '반찬']","['4~5장', '1/4개', '1/2대', '약간', '1큰술', '1큰술', '0.5큰술', '1큰술', '1큰술', '0.5큰술', '2큰술', '약간', '0.5작은술', '0.5큰술']"
6,밑반찬,,,,참치액으로 감칠맛 up 하얀 콩나물무침 레시피,https://www.10000recipe.com/recipe/7069884,"1,612",뽕림이,4인분,10분 이내,아무나,"['콩나물200g', '참치액', '다진 마늘', '참기름', '간 깨', '꽃소금']",참치액으로 감칠맛을 더한 하얀 콩나물무침 레시피예요 :),"['콩나물 손질은 간단해요.\n썩은 콩과 콩 껍데기를 골라내고 너무 길거나 지저분하게 난 뿌리를 깔끔하게 손질해 주기만 하면 ok\n콩나물 세척은 충분히 잠기도록 물을 붓고 살랑살랑 흔들어가며 두어 번 헹궈주기만 하면 돼요.\n세척이 끝난 콩나물은\n체에 밭쳐 물기를 빼줍니다', '자 이제 콩나물을 삶아볼게요.\n냄비 또는 팬에 물을 적당량 붓고 소금 1큰술을 넣은 뒤 강불로 올려줍니다.\n물이 끓기 시작하면 콩나물을 넣고 4~5분간 삶아줍니다.\n콩나물 삶는 시간은 취향껏 해주시면 되는데요.\n아삭한콩나물무침 좋아하시면 4분 정도만 삶아주세요.', '삶은 콩나물은 찬물에 헹궈 열기를 식히고,\n체에 밭쳐 물기를 빼줍니다.\n손으로 짜지 말고 체에 밭쳐 물기를 빼주세요.', '볼에 물기 뺀 콩나물을 담고 참치액 ½큰술, 다진 마늘 ½큰술 참기름 1큰술, 간 깨 1큰술을 넣어줍니다.\n이후 소금으로 입맛에 맞게 간을 해주기만 하면 끝이에요.']","['하얀콩나물무침', '콩나물무침', '콩나물무침레시피', '콩나물요리', '콩나물반찬', '밑반찬', '간단한', '밑반찬', '초간단', '쉬운반찬', '간단한반찬']","['200g', '1/2큰술', '1/2큰술', '1큰술', '1큰술', '적당량']"
7,밑반찬,,,,시금치무침 (시금치데치는 방법 시금치나물요리 나물반찬 반찬레시피),https://www.10000recipe.com/recipe/7022775,"17,403",ariel1007,4인분,10분 이내,초급,"['시금치', '소금', '물', '다진 마늘', '참치액', '참기름', '깨소금', '소금']",봄에 먹는 제철나물반찬입니다 시금치 데치는 방법과 무침양념을 알려드립니다,"['시금치는 뿌리를 잘라 낸 후 한잎한잎 떼어서 찬물에 흔들어 가면서 씻어 흙과 불순물을 제거 해 준다\n믹싱볼\n,\n채반\n,\n조리용나이프\n시금치 손질법 레시피', '냄비에 물을 넉넉히 붓고 소금 1스푼을 넣은 후 끓여준다\n냄비\n센불', '물이 끓으면 씻은 시금치를 넣고 약 40초 가량 데쳐준다\n센불', '데친 시금치는 찬물에 헹구어 준다', '대파는 길이로 반으로 자른 후 잘게 썰어준다\n도마\n,\n조리용나이프', '볼에 시금치를 꼭 짜서 담아준다', '무침 양념을 모두 넣어준다\n믹싱볼\n,\n조리용스푼', '조물조물 양념과 시금치가 고루 섞이 도록 무쳐준다']","['시금치요리', '시금치나물반찬', '시금치무침', '무침양념', '밑반찬', '반찬', '초간단', '비타민']","['300g', '1스푼', '넉넉히', '1스푼', '1.5스푼', '1스푼', '1스푼', '0.5스푼']"
8,밑반찬,,,,숙주나물 무침 만들기 아삭한 숙주나물 무침 양념 레시피 깔끔한 밑반찬 요리,https://www.10000recipe.com/recipe/7073764,"2,694",포남댁,6인분 이상,20분 이내,아무나,"['숙주나물', '대파', '국간장', '다진마늘', '참기름', '통깨']","아삭한 숙주나물 무침은 화려하진 않지만
매일 먹어도 질리진 않는 집밥반찬이에요
숙주나물 한 봉지로 간단하게 만들 수 있고
식탁 영양의 균형을 맞출 수 있는 숙주나물!
가볍게 먹기 좋은 나물 반찬이지만
알고 보면 영양도 꽤 알찬 숙주랍니다.
아스파라긴산이 풍부한 숙주나물은 피로회복에
도움을 주고 비타민과 철분도 함유되어 있어서
혈관 건강과 항산화에도 좋은 재료에요!
​
​
가볍게 데친 다음 국간장과 참기름으로
깔끔하고 아삭한 식감을 살려서 무쳐낸
숙주나물 무침 레시피를 남겨 보도록 할게요 :)
​","['숙주나물 한 봉지를 준비해서 흐르는 물로\n가볍게 씻어준 뒤 체반에 받쳐 물기를 제거합니다.', '숙주나물 무침에 같이 들어갈 대파는\n작게 쫑쫑 썰어주세요', '냄비에 물을 800ml 정도 넣고\n소금을 한 꼬집 넣은 다음 팔팔 끓으면\n손질해둔 숙주나물을 모두 넣어줍니다.', '너무 오래 데치면 아삭한 식감이 덜해지니\n30초 정도만 빠르게 데쳐내 주세요', '데쳐낸 숙주나물을 차가운 물에 빠르게\n헹궈준 뒤 체반에 받쳐 물기를 제거합니다.', '볼에 데친 숙주나물을 담고\n썰어둔 대파와 함께 다진 마늘 1t,\n국간장 2t, 참기름 1t, 통깨 1t를\n양념장으로 넣어주세요', '양념장과 숙주나물이 잘 어우러지도록\n손으로 조물조물 무쳐주면서\n사이사이에 양념이 잘 배어들면\n아삭한 숙주나물 무침이 완성입니다^^']","['숙주나물무침', '아삭한숙주나물', '깔끔밑반찬요리']","['350g', '1/2개', '2t', '1t', '1t', '1t']"
9,메인반찬,,,,칼칼한 양념이 쏙 배어 무까지 맛있는 갈치조림 레시피,https://www.10000recipe.com/recipe/7082774,285,에궁이궁,2인분,30분 이내,아무나,"['갈치', '양파', '감자', '무', '대파', '국간장', '고춧가루', '미림', '참치액', '설탕', '다진마늘', '고추장', '후추', '생강가루']","갈치 조림​에 무와 감자까지 넣고 조려서 밥은 조금만 먹어야지...
하지만 결과는 입이 지대로 터져 버린 갈치조림 레시피예요.
추추의 한끼식사 유튜브레 소개된 갈치조림을 참조해서 집에 있는 재료를 추가로 더 넣고
만들었어요.","['감자는 3등분 잘라주고, 무는 부채꼴 모양으로 썰어 주세요.\n-> 냄비에 무와 감자를 담아 주고 물350ml와 국간장 4큰술을 넣고 끓여줘요.\n* 강불로 끓이다가 끓어 오르면 중불에서 5분정도 끓여주세요.', '양파는 굵직하게 채 썰어주고, 대파는 어슷썰어 주세요.\n청양고추 2개, 홍고추 1개를 잘게 다져 주세요.', '고춧가루, 미림은 4큰술씩 넣어주고, 참치액 3큰술, 설탕 2큰술, 다진마늘 1.5큰술, 고추장 1큰술, 생강가루 (=다진생강) 0.5큰술, 후추추 그리고 다진 고추를 넣고 잘 섞어주면 양념장 완성입니다.\n* 영상에서는 양념장 처음부터 물 한컵을 같이 넣고 만들었지만 물만 생락하고 양념장을 만들어 줬어요.', '잘익은 무 위에 갈치를 올려 줘요.\n-> 갈치 위에 양념장 2/3 정도 넣어 주고, 썰어 놓은 대파와 양파를 담아 주세요.\n* 양념장을 처음부터 다 넣지 않고 조리면서 부족하면 넣어 주려고 1/3 정도는\n남겨 줬어요.\n-> 물 100ml를 붓고 뚜껑닫고 중강불에서 10분 ~15분간 조려 주세요.', '갈치조림 완성입니다.']","['갈치조림', '갈치조림레시피', '추추의한끼식사갈치조림']","['2마리', '1/2개', '3개', '168g', '1/2대', '4큰술', '4큰술', '4큰술', '3큰술', '2큰술', '1.5큰술', '1큰술', '취향껏', '1/2큰술']"
10,메인반찬,,,,급진급빠 다이어트 순두부장 만들기 양념 속편한 순두부요리 레시피,https://www.10000recipe.com/recipe/7064116,"4,900",haru,3인분,10분 이내,아무나,"['순두부', '양파', '대파', '간장', '맛술', '설탕', '물', '참기름', '통깨']","빠르게 만들 수 있는 요리로 순두부장을 만들었습니다.
요 며칠 사이에 몇 번이나 만들어 먹었는데 먹을 때마다 고개를 끄덕이게 되는 맛이에요.
순두부와 간장양념 떠서 밥에 비벼 먹으면 입맛 없는 날도 완밥이 가능해집니다.
​","['대파는 송송 썰고 양파는 잘게 다져 줍니다.', '순두부는 봉지째 반 잘라 유리용기에 담고 칼로 그어 먹기 좋은 두께로 잘라 주세요', '전자레인지용 용기에 간장 80ml , 맛술 2스푼 , 설탕 1스푼반 , 물 160ml를 넣고 설탕이 녹도록 저은 뒤 랩을 씌우고 전자레인지로 2분간 끓여 줍니다.\n양념을 끓이면 마늘과 파의 매운맛이 줄어들면서 더 깊은 맛으로 만들 수 있습니다.', '유리용기에 담은 순두부에 끓인 양념장을 부은 뒤 양념장 위에 자른 대파와 양파,참기름과 통깨를 뿌려 완성합니다.']","['순두부', '간장', '순두부양념장', '순두부요리']","['2봉지', '1/2개', '1/2대', '80ml', '2스푼', '1+1/2스푼', '160ml', '', '']"
11,메인반찬,,,,**초간단별미 반건조 노가리조림**,https://www.10000recipe.com/recipe/7082265,159,도드리여사,4인분,30분 이내,초급,"['반건조 노가리', '홍고추', '청양고추', '마늘', '대파', '진간장', '어간장', '물엿', '올리고당', '생강청', '맛술', '물']","손주들이 너무 좋아해서 최근에 노가리조림만 몇 번을 만들었는지 몰라요.
노가리 특유의 감칠맛과 깔끔한 식감이 정말 맛있어요.
어른들은 물론이고 아이들도 맛있다며 좋아하는 반찬이에요. 밥반찬으로도 좋고, 밥 위에 올려 먹어도 정말 맛있는 추억의 노가리조림이에요.
어렵지 않으니 꼭 한번 시도해보세요. 입맛 살아날 거에요.","['준비된 재료(홍고추,청양고추,마늘,대파)를 썰어주세요', '양념장을 만들어주세요\n(진간장4T 어간장1T 물엿1T 올리고당2T 생강청1T 맛술2T 마늘1T 물250ml)', '노가리를 깨끗이 씻은 후 반으로 잘라주세요.', '팬에 식용유를 두르고 노가리를 살짝 볶아줍니다. 이렇게 먼저 볶아주면 살이 쉽게 부서지지 않고 조림도 훨씬 깔끔하게 완성돼요.', '노가리가 살짝 볶아지면 그 위에 준비해둔 양념장과 채 썰어놓은 홍고추, 청양고추, 대파를 넣고 중불에서 졸여주세요.', '양념이 노가리에 잘 배도록 졸여주면서 국물이 거의 없어질 때까지 조려줍니다.', '마지막에 참기름과 통깨를 넣어 마무리하면 완성!']","['노가리조림', '반찬', '간편요리', '손주요리', '건강식', '해산물조림', '아이반찬', '별미', '조림', '요리팁']","['13마리', '1개', '1개', '1T', '1/2개', '4T', '1T', '1T', '2T', '1T', '2T', '250ml']"
12,메인반찬,,,,♥[신혼밥상] 10분 뚝딱 양배추참치덮밥,https://www.10000recipe.com/recipe/6979508,"8,972",행복한윤블리네,2인분,10분 이내,아무나,"['양배추', '참치캔', '대파', '후춧가루', '참기름', '통깨', '고추장', '고춧가루', '굴소스', '간장', '설탕', '맛술', '다진마늘']","자취생 모여라!!
10분 뚝딱 한그릇 메뉴!
냉장고 파먹기 딱 좋은 요리 소개~~
아삭 양배추&담백 참치 밥 위에 슥슥
만개님들 집밥 한끼 드시러 오세요.","['위에 좋은 양배추랑 자취생 필수 참치캔 준비!', '대파 송송', '양배추 채썰기', '(밥숟가락 계량)\n고추장 1, 고춧가루 1, 설탕 0.5, 간장 1, 다진마늘 0.5, 굴소스 1, 맛술 1 양념장 만들기', '채썬 양배추를 넣고 식용유 빙빙~\n숨이 살짝 죽을만큼 달달 볶기', '양배추가 투명해질 때 양념장 넣고 달달 볶기', '참치캔 탈탈', '대파 팍팍 후춧가루 적당히\n중불에서 맛있게 볶아주기', '가스불 끄기 직전 참기름 톡!', '통깨 넣고 밥 위에 올려주면 양배추참치덮밥 완성\n달걀프라이+김 솔솔= 슥슥 환상의 궁합!\n달걀프라이 노른자 톡 터트려 함께 비벼드시면 핵꿀맛!']","['신혼밥상', '양배추', '참치캔', '양배추참치덮밥', '덮밥', '한그릇', '집밥', '만능쿡', '브런치', '자취생']","['1/4통', '1캔', '1대', '적당량', '1티스푼', '적당량', '1스푼', '1스푼', '1스푼', '1스푼', '1/2스푼', '1스푼', '1/2스푼']"
13,메인반찬,,,,모밀 콩국수 만들기 고소하고 시원한 콩국수 황금 레시피,https://www.10000recipe.com/recipe/7080734,468,호수맘,2인분,20분 이내,아무나,"['구매', '참외', '도토리묵', '콩국', '얼음', '구매', '토마토', '깨소금', '소금']","더운 날에는 시원하고 고소한 콩국수 한 그릇생각나지요
오늘은 도토리묵과 참외로고명 올린 콩국수만들어봤어요","['콩국은 에버홈으로 만들어놓고\n끓는물에 모밀넣고3~4분삶아\n흐르는물로 헹궈주세요', '참외는씨를빼고 썰어주세요\n토마토 찐계란 묵도 썰어준비해주세요', '그릇에 얼음 삶은모밀 콩국 넣고 위에 고명으로 묵 참외 토마토 계란 올려주시고 깨소금올려주면\n시원하고 맛있는 모밀콩국수완성입니다']","['모밀콩국수', '모밀콩국수레시피', '콩국만들기', '여름별미', '모밀요리']","['200g', '1/2개', '100g', '3컵', '약간', '1개', '4조각', '약간', '약간']"
14,메인반찬,,,,매콤하게 구워 더 맛있는 새송이버섯 매콤구이 레시피 (1봉지로 만드는 초간단 반찬),https://www.10000recipe.com/recipe/7073279,"2,513",밥심은국력,2인분,30분 이내,초급,"['새송이버섯', '진간장', '참기름', '고춧가루', '고추장', '물엿', '검은깨', '통깨']",안녕하세요? 밥심은 국력입니다. 요즘 새송이버섯은 가격도 부담 없고 식감이 좋아서 자주 사게 되는 재료 예요. 특히 새송이버섯은 고기처럼 쫄깃한 식감이 있어서 구워 먹으면 정말 맛있죠. 오늘은 새송이버섯 1봉지로 만드는 매콤한 밑반찬을 만들어 봤어요. 고소한 참기름으로 밑간을 한 뒤 매콤한 양념장을 발라 구워주면 밥 반찬으로 딱 좋은 새송이버섯 매콤구이가 완성됩니다. 조리 방법도 간단해서 집에서 금방 만들 수 있는 레시피예요. 유투브에서 보고 만들었어요. 그럼 새송이버섯 매콤 구이를 만들어 볼게요.,"['새송이 버섯을 준비해요.', '새송이버섯은 밑동을 살짝 정리 해요.', '0.5cm 정도 두께로 옆으로 썰어 모양을 살려 준비합니다. 이렇게 썰면 구웠을 때 버섯 결이 살아 식감이 좋아요.', '진간장 1큰술, 참기름 3큰술 을 넣어 가볍게 버무려 밑간용 유장을 만들어요.', '새송이버섯을 밑간을 합니다.', '볼에 고춧가루 1큰술, 진간장 1큰술, 고추장 1큰술, 참기름 1큰술, 물엿 1큰술을 넣고 잘 섞어 매콤 달콤한 양념장 을 만들어 주세요.', '마른 팬을 중불로 달군 뒤 밑간한 새송이버섯을 올려 천천히 익혀줍니다.', '버섯이 노릇해지기 시작하면 준비한 양념장을 앞면에 발라 구워주세요.', '실리콘솔로 양념을 발라주면 편리해요.', '버섯을 뒤집은 뒤 반대쪽에도 양념장 을 발라 살짝 더 구워줍니다.', '먹음직스럽죠?', '재료가 간단해서 좋은 레시피 입니다.', '마지막으로 통깨와 검은깨를 뿌려 마무리하면 완성입니다. 새송이버섯 매콤 구이 완성!', '맛 표현 한입 먹으면 새송이버섯 특유의 쫄깃한 식감이 살아 있고 참기름의 고소함에 매콤달콤한 양념이 입맛을 확 살려 줍니다. 버섯이지만 마치 매콤한 버섯 스테이크 처럼 느껴지는 맛이라 밥 위에 올려 먹어도 정말 맛있는 반찬이에요.']","['새송이버섯매콤구이', '새송이버섯구이', '새송이버섯', '버섯요리', '새송이버섯요리']","['1봉지', '2큰술', '4큰술', '1큰술', '1큰술', '1큰술', '약간', '']"
15,메인반찬,,,,레드벨벳 슬기님의 컴백 전 관리비결!,https://www.10000recipe.com/recipe/7052506,"8,407",돼솜이,1인분,10분 이내,아무나,"['두부', '팽이버섯', '진간장', '알룰로스', '다진마늘', '물', '굴소스']",요 레시피 레드벨벳 슬기님이 자주 해먹으신다는 레시피인데 짝꿍이 먹어보더니 불고기 같대요~,"['두부 반 모 노릇하게 구워서 접시에 올려주세요\n도마\n,\n조리용나이프\n,\n프라이팬\n,\n접시', '팽이버섯 반 봉지 구워주다가\n프라이팬\n,\n조리용스푼\n팽이버섯손질법', '진간장1T, 알룰로스1T, 굴소스0.5T, 다진마늘1T, 물2T 섞어서 소스만들어 부워 졸여주세요', '두부 위에 올려주면 끝!']","['두부', '팽이버섯', '다이어트', '버섯조림', '두부조림', '다이어트레시피']","['1/2모', '1/2봉지', '1T', '1T', '1T', '2T', '0.5T']"
16,메인반찬,,,,[스팸마요덮밥] 업그레이드 비법소스로 간단히 만드는 한끼식사 | 신혼밥상,https://www.10000recipe.com/recipe/7040785,"14,459",쑤블리,2인분,20분 이내,아무나,"['스팸200g', '계란', '김가루', '마요네즈', '케첩', '맛술', '물엿', '물', '진간장', '굴소스']",남편이 좋아하는 스팸으로 기존 스팸마요덮밥과 다르게 업그레이드 버전으로 준비했어요~,"['스팸 1캔(200g), 계란 4개를 준비해주세요~ (스팸 아니고 리챔도 괜찮아요!)', '스팸은 먹기좋은 크기로 잘라서 준비해주세요~\n도마\n,\n조리용나이프', '이제 양념을 만들어줄게요~ 일단 맛술 1+1/2T\n소스볼\n,\n숟가락', '물엿 1+1/2T', '케첩 1+1/2T', '굴소스 1/3T', '진간장 1/3T을 넣고 섞어주시면 양념 끝~!', '프라이팬에 기름을 둘러주시고 잘라놓은스팸을 넣어주신 후 잘 익도록 구워주세요.\n프라이팬\n,\n조리용스푼', '구워주셨으면 만들어놓은 양념을 넣고', '물 1+1/2T을 넣고', '졸이듯이 볶아주신 후 한쪽으로 몰아주고', '계란 4개를 넣고', '스크램블을 해주세요~', '밥 위에 스팸, 계란 김가루를 예쁘게 올리고\n완성그릇', '마요네즈까지 뿌리고 쓱쓱 비벼주면~!!', ""원래 맛있지만 더 더 맛있는 '스팸마요덮밥' 완성~!!""]",['스팸마요덮밥'],"['200g', '4개', '조금', '조금', '1+1/2T', '1+1/2T', '1+1/2T', '1+1/2T', '1/3T', '1/3T']"
17,국/탕,,,,소고기미역국 황금레시피 생일상 진한 국물 소고기미역국 끓이는 법,https://www.10000recipe.com/recipe/7079432,593,몽글쿡,4인분,90분 이내,아무나,"['소고기 국거리', '자른 미역불리기 전 기준', '쌀뜨물또는 생수', '들기름볶음용', '국간장', '멸치 액젓또는 참치액', '다진 마늘', '소금', '\u200b 국간장', '참기름']","생일상에 가장 먼저 떠오르는 음식이 있다면 역시 소고기 미역국이 아닐까 싶어요.
같은 재료로 끓여도 끓이는 방법에 따라 국물 맛은 생각보다 큰 차이가 나는데요.
오늘은 집에서도 식당처럼 국물이 뽀얗고 깊게 우러나는 소고기 미역국 끓이는 법을 소개해 드릴게요.
미역을 충분히 볶아주고 소고기를 먼저 밑간해 끓이면 오래 끓이지 않아도 훨씬 깊은 맛을 낼 수 있어요.
생일상은 물론 평소 든든한 한 끼 국물요리로도 정말 좋은 레시피이니 지금 바로 시작할게요.","['자른 미역 30g은 찬물에 약 20분 정도 충분히 불려주세요.\n불린 미역은 흐르는 물에 바락바락 여러 번 씻어 미끌거림과 불순물을 제거해 주세요.\n이후 체에 밭쳐 물기를 꼭 짜준 뒤 먹기 좋은 크기로 잘라 준비했어요.\n이 과정을 꼼꼼하게 해주면 국물이 훨씬 깔끔하게 완성됩니다.', '국거리용 소고기는 키친타월로 꾹꾹 눌러 핏물을 닦아주세요.\n핏물을 충분히 제거해야 국물이 탁해지지 않고 맑고 깊은 맛이 살아나요\n핏물을 제거한 고기에 국간장 0.5큰술과 참기름 0.5큰술을 넣고 조물조물 버무린 뒤 5~10분 정도 재워주세요.\n고기에 미리 간을 살짝 해두면 고기 속까지 맛이 배어 씹을 때 훨씬 풍미가 좋아져요.', '냄비에 들기름 1큰술을 두른 뒤 밑간한 소고기를 넣고 중불에서 볶아주세요.\n고기의 겉면만 익을 정도로 볶아주시면 돼요.', '고기 겉면이 익으면 불린 미역을 넣고 함께 볶아주세요.\n미역의 색이 선명한 초록빛으로 변할 때까지 약 3분 정도 충분히 볶아주는 것이 포인트예요.\n미역을 충분히 볶아야 국물이 따로 놀지 않고 깊고 진한 맛이 우러나며, 뽀얀 국물도 만들어져요.', '잘 볶아진 재료에 쌀뜨물 500mL를 먼저 부어주세요.\n센 불에서 팔팔 끓기 시작하면 그대로 5~7분 정도 강하게 끓여주세요.\n이 과정을 거치면 소고기와 미역의 맛이 빠르게 우러나면서 국물이 점점 뽀얗게 변하기 시작해요.\n쌀뜨물을 사용하면 국물 맛이 한층 더 고소하고 깊어져 더욱 맛있게 즐길 수 있어요.', '국물이 조금 졸아들면 남은 쌀뜨물 또는 생수 1.3~1.5L를 모두 부어주세요.\n다시 끓어오르면 위에 생기는 거품은 깔끔하게 걷어내주세요.', '이후 다진 마늘 0.5큰술, 국간장 1큰술, 멸치 액젓(또는 참치액) 1큰술을 넣어주세요.\n마늘을 처음부터 넣기보다 이 시점에 넣으면 마늘 향이 과하지 않고 국물에 은은하게 스며들어 훨씬 깔끔한 맛을 낼 수 있어요.\n불을 약불로 줄인 뒤 30분 이상 푹 끓여주세요.\n시간을 들여 천천히 끓일수록 소고기의 감칠맛과 미역의 깊은 풍미가 자연스럽게 어우러져 진한 국물이 완성돼요.', '마지막으로 국물 맛을 본 뒤 부족한 간은 소금을 조금씩 넣어가며 맞춰주세요.\n한 번에 많이 넣기보다는 조금씩 넣어 입맛에 맞게 조절하는 것이 실패 없는 비결이에요.', '생일상에 빠질 수 없는 소고기 미역국 끓이는 법을 소개해 드렸어요.\n특별한 재료를 넣지 않아도 미역을 충분히 볶고 소고기를 밑간한 뒤 천천히 끓여주기만 하면 국물의 깊이가 확실히 달라져요.\n한 번 만들어두면 다음 날은 더욱 진한 맛을 즐길 수 있어 더욱 만족스러운 레시피였어요.\n가족 생일상이나 따뜻한 집밥이 생각나는 날, 오늘 레시피로 맛있는 소고기 미역국 한 그릇 만들어보세요.']","['소고기미역국끓이는법', '소고기미역국황금레시피', '소고기미역국레시피', '소고기미역국', '미역국끓이는법', '미역국황금레시피', '생일미여국끓이는법', '진한소고기미역국레시피', '소고기미역국들기름참기름']","['300g', '불리기 전 기준', '또는 생수', '볶음용', '1큰술', '또는 참치액', '1/2큰술', '약간', '1/2큰술', '1/2큰술']"
18,국/탕,,,,"소불고기전골 레시피, 국물까지 맛있는 소고기 버섯전골",https://www.10000recipe.com/recipe/7083150,274,haru,4인분,30분 이내,아무나,"['소불고깃감', '양파', '느타리버섯', '팽이버섯', '새송이버섯', '대파', '당근', '청경채', '간장', '설탕', '맛술', '다진마늘', '생강즙', '후추', '참기름', '멸치육수', '국간장', '참치액']","집에 손님을 초대했을 때나 가족모임이 있을 때 준비하기 좋은
소불고기전골 레시피를 소개 드려요.​
미리 전골냄비에 푸짐하고 근사하게 담아 준비해 두었다가 손님이 오시면
식탁 위에서 보글보글 끓여 내면 되니 손님초대메뉴로 딱이랍니다.
​","['간장 4스푼 , 설탕 1스푼 , 맛술 2스푼 , 다진마늘 1스푼 , 생강즙 0.5스푼 , 후추 ,\n참기름 1스푼을 넣고 고루 섞어 소불고기양념을 만들어 주세요.', '불고깃감에 양념을 부은 뒤 골고루 버무려 20~30분 정도 재워 주세요.', '버섯은 밑동을 자르고 흐르는 물에 가볍게 헹군 뒤 물기를 털고 먹기 좋은 크기로 찢어 주세요.양파는 채 썰고 당근은 먹기 좋은 크기로 잘라 주세요.\n청경채는 밑동을 자른 뒤 반으로 가르고 대파는 반으로 가른 뒤 4~5cm 길이로\n잘라 주세요.\n도마\n,\n칼', '멸치육수 700ml에 간장 1스푼 , 참치액 1스푼을 넣어 간을 맞춰 주세요.', '전골냄비에 준비한 채소를 빙 둘러 담고 가운데 소불고기를 올려 주세요.\n냄비', '준비한 육수를 가장자리에 부은 뒤 중불에서 끓여 주세요.\n국물이 끓기 시작하면 소불고기를 풀어가며 고기와 채소가 익을 때까지 끓여 완성해 주세요.']","['소불고기', '버섯', '소불고기전골', '소고기버섯전골', '버섯전골', '소불고기전골육수', '소불고기전골재료']","['400g', '1/2개', '150g', '1/2봉지', '2개', '1대', '1/3개', '2~3포기', '4T', '1T', '2T', '1T', '1/2T', '약간', '1T', '700ml', '1T', '1T']"
19,국/탕,,,,얼갈이배추 된장국 레시피 따뜻한 집밥 메뉴 추천,https://www.10000recipe.com/recipe/7079665,445,haru,4인분,20분 이내,아무나,"['얼갈이배추', '대파', '물', '코인육수', '된장', '다진마늘', '고춧가루', '참치액']","정겨운 집밥메뉴추천으로 좋은 얼갈이배추 된장국 레시피를 소개합니다.
얼갈이를 한번 데친 뒤 양념에 무쳐 푹 끓이면 완성!
풋내 없이 구수한 국물과 부드럽게 익은 얼갈이를 함께 떠먹는 맛이 일품이에요.
밥 말아 먹기 좋은 따뜻한 집밥 메뉴로 딱이랍니다.
​","['얼갈이배추 300g은 밑동을 자른 뒤 4~5cm의 길이로 썰어 주세요.\n도마\n,\n칼', '배추의 줄기 사이에 끼어 있는 흙과 이물질이 제거되도록 흐르는 물에 살살 흔들며\n여러 번 헹궈 깨끗이 씻은 뒤 끓는 물에 배추를 넣고 약 3분간 데쳐 주세요.\n냄비', '데친 얼갈이배추는 바로 찬물에 헹궈 열기를 식힌 뒤 손으로 물기를 꾹 짜고\n된장 2스푼 , 다진마늘 1스푼 , 고춧가루 0.5스푼을 넣고 조물조물 무쳐 양념해 주세요.', '물 1.2L와 코인육수 2개를 넣고 끓이다 국물이 끓기 시작하면 거품을 걷어 주세요.\n참치액 1스푼을 넣은 뒤 뚜껑을 덮고 중불로 약 10분 끓여 주세요.\n배추가 부드럽게 익으면 소금으로 간을 맞춘 뒤 대파를 넣고 한소끔 끓여 얼갈이배추된장국을 완성합니다.']","['얼갈이', '된장국', '얼갈이된장국', '얼갈이배추', '얼갈이배추된장국', '얼갈이데치기']","['300g', '1/2대', '1.2L', '2개', '2T', '1T', '1/2T', '1T']"
20,국/탕,,,,칼칼한 오징어무국 맛있게 끓이는 법,https://www.10000recipe.com/recipe/7073618,"4,155",급식실박실장,2인분,15분 이내,아무나,"['손질오징어', '무', '대파', '물', '고춧가루', '국간장', '다진마늘', '코인육수멸치', '소금', '후추']",안녕하세요! 오늘도 반가운 박 실장입니다.,"['재료 손질\n손질 오징어는 흐르는 물에 가볍게 헹궈 물기를 빼고 한입 크기로 썰어줍니다.\n무는 나박하게 썰어 준비합니다. (박 실장개인취향 두께는 약 1cm입니다.)\n대파는 송송 썰어 준비해 주세요.', '무 먼저 끓이기\n냄비에 물 1.2L와 썰어둔 무를 먼저 넣고 센 불에서 끓입니다.\n물이 끓어오르면 중불로 줄여 무가 투명하게 익을 때까지 5분 정도 충분히 끓여줍니다.\n중불에서 은근하게 끓여야 무에서 시원한 맛이 충분히 우러나와 국물 맛이 깊어집니다.', '양념 및 오징어 넣기\n무가 투명하게 익으면 국간장 2큰술, 다진 마늘 1큰술, 코인 육수 1알을 넣습니다.\n이어서 준비한 오징어를 넣어줍니다.\n오징어는 오래 끓이면 질겨지므로 반드시 무가 다 익은 후반부에 넣는 것이 포인트입니다.', '거품 제거 및 간하기\n오징어를 넣으면 올라오는 불순물과 거품을 숟가락으로 깔끔하게 걷어내 줍니다.\n오징어가 익어 불투명해지면 고춧가루 1큰술을 넣어 칼칼한 색을 냅니다.\n부족한 간은 소금으로 맞추고 후추를 톡톡 뿌려 5분 정도 더 끓입니다.', '마무리 및 완성\n송송 썰어둔 대파를 넣고 한소끔 더 끓여 마무리합니다.']","['오징어무국', '오징어국', '맑은오징어무국', '해장국레시피', '국물요리', '무요리', '초간단국', '만개의레시피', '집밥레시피', '박실장레시피']","['300g', '1/3개', '1/2개', '1.2L', '1큰술', '2큰술', '1큰술', '멸치', '약간', '약간']"
21,국/탕,,,,우렁 된장국.,https://www.10000recipe.com/recipe/7082544,308,호수맘,4인분,30분 이내,아무나,"['우렁살', '물', '된장', '두부', '애호박', '양파', '대파', '표고버섯', '감자', '느타리버섯', '다진마늘', '구매']",오늘은 냉장고 쏙 재료로 간단하게 끓여 먹기 좋은 우렁 된장국을 만들어 봤습니다.,"['우렁살은 흐르는 물에 여러 번 깨끗이 씻어 준비해 주세요.\n모든 재료는 먹기 좋은 크기로 썰어 주세요.', '냄비에 된장 알육수 넣고 끓기 시작하면 감자 넣어주고 썰어 놓은 야채를 넣어 끓여주세요. 간을보시고 신거우면 된장조금더넣으세요', '채소가 어느 정도 익으면 우렁살과 다진 마늘. 두부 넣어 주세요. 마지막에 대파 넣고 2 ~3분 더 끓여 주시면 우렁된장국 완성입니다.']","['우렁된장국', '된장국', '우렁된장국레시피', '집반찬.', '간단하게끓이는', '된장찌개']","['150g', '5컵', '2T', '1/2모', '1/3개', '1/2개', '1/2대', '2개', '1개', '1줌', '1/2T', '2개']"
22,국/탕,,,,우삼겹콩나물국 레시피,https://www.10000recipe.com/recipe/7002422,"20,704",고구미,3인분,20분 이내,아무나,"['우삼겹', '콩나물', '대파', '고춧가루', '맛술', '국간장', '액젓', '다진마늘']",얼큰~하게 속풀고 싶을때 딱인 우삼겹콩나물국 레시피!!우삼겹대신 차돌박이 넣어도 쫀맛!! 해장국으로도 딱이에여,"['냄비에 식용유 2-3스푼 두르고 대파 약간, 고춧가루 2스푼넣고 볶아주기', '약불에서 타지않게 볶아줍니당~~', '우삼겹 250g (한 세주먹..?) 넣고 맛술도 1스푼 넣어주고\n고기익을때까지 볶아주기', '볶아볶아~~', '고기 다 익었다!!! 우삼겹이 다 익었으면', '육수 또는 물 800ml 넣어줍니당', '육수 없는 저는 육수코인을 또 투척ㅎㅎㅎ\n계속 끓여주세요~~~!!', '보글보글 끓으면 국간장 2스푼 넣어주고', '다진마늘도 1스푼 투척', '액젓도 1.5스푼 넣어줍니당 ✔️부족한 간은 소금이나 액젓으로 더해주세욤', '콩나물은 두 주먹정도 넣어주기 (더 넣으려다 냄비 넘칠까봐 참음ㅎㅎㅎ) 콩나물 익을때까지 끓여주다가', '후추 톡톡 뿌려서 마무리해주면 완성', '크으~얼큰~~한게 술도 안 마셨는데도 해장하기 너무 좋아버리는 맛!! 속이 자동으로 풀리는 맛이에요 버섯이나 당면 추가로 넣어줘도 너무 맛있을 거 같아요!']","['우삼겹콩나물국', '우삼겹콩나물해장국', '콩나물해장국', '해장국레시피', '콩나물국만들기', '우삼겹콩나물국레시피', '우삼겹콩나물국만들기', '해장레시피']","['250g', '200g', '약간', '2스푼', '1스푼', '2스푼', '1.5스푼', '1스푼']"
23,국/탕,,,,맵찔이도 먹을 수 있는 얼큰한 알탕,https://www.10000recipe.com/recipe/7080927,241,김콩레시피,2인분,30분 이내,초급,"['동태알', '무', '콩나물', '멸치', '쑥갓', '애호박', '고추장', '고춧가루', '국간장', '후추', '생강가루', '다진마늘']",맵지 않은 얼큰한 알탕입니다,"['알을 소금물에 씻고 미림 2T넣은 물에 잠시 담궈둡니다', '냄비에 국물용 멸치를 넣고 물을 끓이고, 끓어오르면 멸치는 건저내고 무를 넣고 끓입니다', '양념을 만들어줍니다 (양념재료 위에 써있음)', '무가 익으면 콩나물, 애호박, 알을 넣고 끓입니다.', '준비된 양념도 넣어줍니다', '쑥갓을 넣어주고 조금 더 끓이면 끝']",[],"['1팩', '1토막', '1/2봉지', '약간', '약간', '1/2개', '1/2T', '1/2T', '2T', '약간', '약간', '1T']"
24,국/탕,,,,담백한 새우연두부달걀탕,https://www.10000recipe.com/recipe/6847470,"326,169",yejib1112,2인분,15분 이내,아무나,"['연두부', '새우', '달걀', '송송 썬 쪽파', '다시마5cm x 5cm', '간장']",간단하지만 세상 시원한! 담백한 새우연두부달걀탕입니다:),"['우선 다시마물을 만들어요. 냄비에 물 붓고 다시마를 넣어 센 불에서 끓이다 끓어오르면 약불로 줄여 약 15분간 더 끓여주세요.', '15분 후, 다시마는 건져 내고', '수저로 듬성듬성 연두부를 퍼서 냄비에 넣어주세요.', '그리고 새우 넣고 간장 1-1.5T 넣어주세요.', '센 불에서 약 5분간 팔팔 끓여주세요. 떠오르는 거품은 걷어주세요~', '불을 약불로 줄이고 달걀물을 원을 그려가며 쪼로록 부어주세요. 달걀물이 바닥에 붙지 않도록 한번만 휘이 저어주세요.', '쪽파 올리고, 후추 톡톡하면 완성입니다. 간 보고 싱거우면 소금으로 간해주세요~']","['새우연두부달걀탕', '새우', '연두부', '달걀', '초간단', '국끓이기', '다이어트']","['1팩', '10-12마리', '1개', '1-2줌', '5cm x 5cm', '1-1.5T']"
25,찌개,,,,밥 비벼 먹기 좋은 참치 두부조림,https://www.10000recipe.com/recipe/7041518,"15,488",yaongkitchen,2인분,15분 이내,초급,"['두부', '양파', '대파', '참치', '간장', '설탕', '미림', '고추장', '고추가루', '참치액', '굴소스', '다진마늘', '후추', '물']","간단한 저녁메뉴를 고민하다가, 든든하고 간단히 먹을 수 있는 두부 조림. 참치를 넣으니 찐득하니, 밥에 쓱싹 비벼 먹으니 넘 맛있더라고요. ❣️ 해장으로도 좋을 것 같아요. ✨간단한 한 끼 메뉴로 추천추천입니다.","['물과 양념장을 넣어서 잘 섞어 주세요. (코인 육수도 넣어주시면 좋아요)\n볼\n,\n계량스푼', '양파(반개)를 채 썰어 준비해 주세요.\n도마\n,\n조리용나이프', '대파와 고추도 썰어서 준비해 주세요.', '팬에 양파를 깔아주세요.\n프라이팬', '그 위에 두부와 참치를 올려 주세요.', '미리 준비해 둔 양념장을 부어주세요.', '대파와 고추도 가득 올리고 국물이 자작해질때까지 졸여주세요.\n(중불로 5분 정도 익히다가 약불로 익히기)\n요리스푼']","['밥도둑', '간단요리', '한그릇요리', '초간단요리\n두부요리', '두부조림', '두부찜', '참치두부찜']","['1모', '1/2개', '1/2단', '1/2캔', '2T', '1/2T', '1T', '1T', '2T', '1T', '1/2T', '1T', '조금', '150L']"
26,찌개,,,,다른반찬이 필요없는 두부짜글이로 밥한공기 뚝딱!,https://www.10000recipe.com/recipe/6910367,"553,228",나지로그,3인분,30분 이내,아무나,"['두부', '양파', '청양고추', '대파', '고춧가루', '고추장', '간장', '설탕', '다진마늘']","제가 두부를 제일 좋아해서 두부요리는 다 맛있는것같아요ㅋㅋㅋ
오늘 선보일 두부짜글이도 역시나 맛있었네요!!","['먼저\xa0양파1/2개와\xa0청양고추2개를 먹기좋게 썰어주세요', '고춧가루1.5T,\xa0고추장1.5T,\xa0간장2T,\xa0설탕1T,\xa0다진마늘1/2T를 섞어서 양념장을 만들어주세요', '낮은 후라이팬에\xa0양파를 올리고\xa0두부를 삥 둘러서 올려주세요', '물은 두부가 자작하게 잠길정도만 넣어주시고\n양념장을 그 위에 올려주세요', '뚜껑을 닫고 약한불에 졸여주세요', '뚜껑을 잠시 열고\xa0대파와\xa0청양고추2개를 넣어서 다시 졸여주세요\n국물이 없어질정도로 졸여주세요']","['두부요리', '두부짜글이', '양파요리', '두부짜글이', '양념장']","['1모', '1/2개', '2개', '', '1.5T', '1.5T', '2T', '1T', '1/2T']"
27,찌개,,,,버섯찌개 - 숙주버섯찌개,https://www.10000recipe.com/recipe/6854147,"266,129",시크제이맘,4인분,60분 이내,초급,"['느타리버섯', '숙주나물', '식용유', '다진마늘', '고춧가루', '국간장', '멸치다시마육수', '소금', '후춧가루']",아삭한 숙주 쫄깃한 버섯이 가득 들어있는 숙주버섯찌개 얼큰하니 맛나요 ^^,"['느타리버섯이랑 숙주는 깨끗하게 손질해서 준비해 줍니다.\n숙주 손질법 레시피', '멸치왕창 넣고~~ 다시마도 한장 넣고 육수를 진하게 끓여 줍니다.', '냄비에 식용유2,다진마늘1,고춧가루3을 넣고약불에서 양념을 볶아 줍니다. 양념이 타지 않게 약불로 볶다~ 국간장3을 넣고 고추기름과 잘 섞이게 볶아주세요.', '이젠 버섯을 넣어 양념장에 고루 볶아주고~', '숙주도 넣어 볶아줍니다.', '고루 잘 볶아주기!', '멸치다시마육수를 6컵 부어줍니다.', '10분정도 끓이다 파를 넣고 5분 더 끓여 마무리 해주세요. 부족한 간은 소금으로~ 입맛에 따라 후추를 넣어 주셔도 됩니다.']","['버섯찌개', '숙주버섯찌개', '느타리버섯', '숙주나물']","['1팩', '2줌', '2', '1', '3', '3', '6', '', '']"
28,찌개,,,,칼칼한 된장찌개 끓이기,https://www.10000recipe.com/recipe/7079327,769,호수맘,4인분,20분 이내,아무나,"['된장', '애호박', '양파', '표고버섯', '파', '두부', '구매', '느타리버섯', '마늘', '김치국물']",냉장고에있는재료로 청양고추넣고 칼칼하게끓인 된장찌개입니다,"['냄비에 알육수 2개와 된장 물500ml 넣고 끓여 주세요.\n모든 야채는 먹기 좋은 크기로 썰어 주세요', '된장국물이 끓기시작하면 썰어놓은 야채를 넣어주세요\n청양고추도넣어주세요', '야채넣은된장에 김치국물을 넣어주세요 3~4분끓인뒤 두부를넣고 살짝 끓여주시면 청양고추향이가득한 된장찌개 완성입니다']","['시골된장국', '된장찌개', '집밥레시피', '얼큰한된장찌개']","['2T', '1/3개', '1/2개', '1개', '1/2대', '1/2모', '2개', '1줌', '1T', '1국자']"
29,찌개,,,,스팸순두부찌개,https://www.10000recipe.com/recipe/7008060,"13,529",승일승훈,4인분,30분 이내,초급,"['스팸', '순두부', '다진마늘', '청양고추', '대파', '후춧가루', '고춧가루', '진간장', '굴소스', '설탕']",순두부찌개는 주부로서 제일 어려운 요리중에 하나인데 스팸을 이용해서 만든 스팸순두찌개로 자신감이 생긴 요리레시피 입니다.,"['스팸순두부찌개를 소개합니다.', '스팸은 위생봉지를 이용해서 으깨주세요.', '냄비에 기름을 넉넉하게 두른후 스팸을 노릇해 질때까지 볶아주세요.', '고춧가루 3스푼을 넣어준후 고추기름을 내듯이 볶아주세요.\n설탕을 추가로 넣어주세요.', '간장을 넣어서 불맛이 나도록 끊여준후 굴소스를 넣어서 한소큼 더 볶아주세요.', '물300ml를 넣어서 졸여가면서 끊여줍니다.', '순두부를 두툼하게 썰어서 넣어주세요.', '대파와 후춧가루를 넣어서 보글보글 끊여주세요.', '스팸순두부찌개가 완성이 되었습니다.']","['스팸순두부찌개', '순두부찌개', '스팸찌개', '만개의쉐프', '만개의레시피']","['1캔', '2봉', '1스푼', '1개', '1/2개', '약간', '3스푼', '3스푼', '2스푼', '1스푼']"
30,찌개,,,,짬뽕맛 나는 오징어찌개 만들기,https://www.10000recipe.com/recipe/6834020,"262,279",꼬시미,2인분,30분 이내,초급,"['오징어', '애호박', '양파', '청양고추', '콩나물', '대파', '멸치국물다시용', '포도씨유', '고춧가루', '다진 파', '다진 마늘', '국간장', '고추장', '소금', '후춧가루']",시원한 맛이 일품인 짬뽕맛 나는 오징어찌개 만들기입니다.,"['멸치와 다시마를 넣고 약한 불에서 10분정도 끓인 후 체에 걸러 육수를 준비합니다', '애호박은 4등분, 양파 채썰고, 청양고추와 홍고추는 어슷 썰어 주세요', '오징어는 몸통 안쪽에 사선으로 잔 칼집을 내고 적당히 썰어 주세요', '볼에 양념 재료를 넣어주세요.', '오징어, 애호박, 양파를 넣어 골고루 버무려 주세요', '콩나물 3줌정도 물에 씻어 준비해주세요.', '냄비에 포도씨유 1큰술을 두르고 양념 해 놓은 재료들을 넣어 중약 불에서 2분정도 볶아 주세요', '멸치 육수 4컵정도 붓고 콩나물 넣어 주세요 뚜껑은 덮지 마세요~~', '한소끔 끓으면 요로케 거품이 마구 마구 생기는데 싸악~걷어 내야 잡내가 안나고 국물이 시원합니다~ 8분정도 끓여주세요.', '청양고추와 홍고추 대파를 넣고 중약 불에서 2분정도 끓이면 완성~ 너무 오래 끓이면 오징어가 질겨지고 채소들도 숨이 다 죽어 맛이 없어요!']","['오징어', '오징어찌개', '오징어요리', '해장에좋은음식', '점심메뉴추천']","['1마리', '1/2개', '1/2개', '1개', '3줌', '조금', '국물다시용', '1큰술', '1큰술', '1큰술', '1큰술', '1큰술', '1작은술', '1작은술', '조금']"
31,찌개,,,,뜨끈한 국물이 생각날때! 참치감자찌개.,https://www.10000recipe.com/recipe/6870873,"265,107",어부동김반장,2인분,30분 이내,아무나,"['감자220g', '참치캔150g', '양파', '고추장', '고추가루', '청양고추', '다진파', '다진마늘', '소금', '후추', '물']","어제부터 비가 내리더니 무더위까지 데려 갔나봐요.
뜨끈한 국물요리가 생각 나더라구요.
참치와 감자를 넣어 얼큰하면서도 담백한 고추장찌개를 끊여 봤어요.
햇감자의 포근함과 고추장찌개의 매콤함이 어우러진
오늘처럼 비가 촉촉히 내리는날 딱! 어울리는 음식이네요.
캠핑요리로도 아주 잘 어울려요.","['감자는 납작하면서 도톰하게 썰어주고,\n양파는 도톰하게 썰고 청양고추와 대파는 송송 썰어 줍니다.', '참치캔 국물은 냄비에 넣어주고,\n참치는 따로 준비합니다.', '참치국물에 감자를 볶아 줍니다.', '감자 모서리가 살짝 투명해지면\n물3컵을 넣어주고,\n고추장, 고추가루를 넣고 끓여 줍니다.\n너무 센불에 끊이면 고추장이 여기저기 튀어서 난리도 아니에요 ㅎㅎ', '감자가 반쯤 익으면 참치를 넣고\n감자가 익을때 까지 끓여요.\n다진마늘과 다진파, 양파를 넣고 한소끔 끓여 줍니다.\n저는 느타리버섯이 있어서 조금 넣어주었어요.', '마지막 간은 소금간 해주시면 되구요.\n저는 집고추장으로 해서 설탕 조금 넣어 주었어요.\n고추장찌개는 달달해야 더 맛있더라구요.', '감자의 포근함과 얼큰함을 느낄수 있는 참치감자찌개 완성입니다.']","['감자요리', '비오는날음식', '여름반찬', '참치요리', '참치감자찌개', '고추장찌개', '일상', '술안주', '스피드요리']","['220g', '150g', '1개', '2숟가락', '1숟가락', '2개', '2숟가락', '1/2숟가락', '조금', '톡톡', '3컵']"
32,찌개,,,,흑백요리사 두부요리 이모카세 고추장 두부찌개 레시피,https://www.10000recipe.com/recipe/7038927,"7,676",우당탕탕숏다&롱다레시피,2인분,20분 이내,아무나,"['두부500g', '청양고추', '대파흰부분 10~15cm', '대파초록부분 5cm 고명용', '물', '후추', '고춧가루크게', '고추장크게', '다진마늘', '참치액', '국간장or 소금 간 추가']",양념이 맛있는 이모카세 두부찌개,"['대파 흰부분은 파기름용으로 최대한 얇게 썰어주고, 마지막 고명용으로 올리는 대파는 청양고추와 함께 송송 썰어 준비합니다. 청양고추1개만 넣었더니 많이 칼칼하지 않았는데 취향껏 더 추가해서 칼칼하게 먹어도 됩니다.\n대파흰부분 10~15cm 1개 대파 초록부분 5cm1개 (고명용) 청양고추1개\n도마\n,\n조리용나이프\n대파 손질법', '두부는 큼지막하고 두툼하게 썰어 준비합니다. 이번에 두부 한모 500g 구매해서 만들었는데 성인2명이서 반이상 먹었어요~\n두부 1모 500g', '냄비에 식용유 4T와 대파 흰부분을 넣어 파향을 내줍니다.\n식용유4T', '어느 정도 향이 올라오면 고춧가루 듬뿍1T, 고추장 듬뿍1T, 다진마늘은 납작하게 1T를 넣어 주고 고추기름을 만들어 줍니다.고추기름을 만들때는 약불로 불을 낮추고 재료들을 골고루 섞어 주면서 볶아줍니다.\n고춧가루 듬뿍1T 고추장 듬뿍1T 다진마늘 납작하게 1T\n냄비\n,\n조리용스푼', '볶은 재료에 물 300ml 넣어주고 강불로 팔팔 끓여줍니다. 물 300ml 넣었더니 국물 떠 먹기 딱 좋더라구요~\n물300ml', '한번 양념을 팔팔 끓인 후에 두부를 사이드에 차곡차곡 넣어 준후 두부위에 숟가락을 이용해서 양념을 끼 얹어 줍니다. 물이 300ml라 두부가 다 잠기지 않아서 양념이 골고루 베이게 해주세요.', '그리고 우선 참치액1T를 넣은 후 간을 봅니다. 간이 부족하면 국간장이나 소금을 추가로 넣어 간을 맞춰 주세요~\n참치액1T 국간장 or 소금 간 추가', '마지막으로 고명용 대파와 청양고추 넣어주고 후추소량 뿌려 1~2분간 더 끓여 마무리 해줍니다.\n후추소량']","['두부', '두부요리', '이모카세고추장두부찌개', '두부찌개']","['500g', '1개', '흰부분 10~15cm', '초록부분 5cm 고명용', '300ml', '소량', '크게', '크게', '1T', '1T', 'or 소금 간 추가']"
33,디저트,,,,요거트바크 만들기,https://www.10000recipe.com/recipe/7082596,231,호수맘,4인분,120분 이내,아무나,"['플레인요거트', '딸기', '블루베리', '청귤', '호두', '땅콩버터', '꿀']","냉장고에 요거트만 있다면 정말 간단하게 만들 수 있는 요거트 바크예요.
달콤하면서 상큼해서 아이 간식이나 가벼운 디저트로도 좋아해요.","['플레인 요거트에 꿀과 땅콩 버터를 넣고 골고루 섞어 주세요. 요거트가 너무 묽다면 물기를 살짝 빼서 사용하면 더욱 쫀득한 식감을 만들 수 있어요.\n.', '쟁반이나 사각틀에 종이 호일을 깔고 요거트를 부어 주세요. 숟가락으로 0.5~1cm 정도 두께로 넓게 고르게 펴줍니다.', '딸기와 블루베리 청귤 호두 를 골고루 올려주세요\n냉동실에 넣어 놓고 3~ 4시간 이상 단단하게 올려주세요']","['요거트바크.', '요거트바크레시피', '냉동디저트', '다이어트간식', '초간단디저트']","['400g', '약간', '약간', '약간', '약간', '1T', '2T']"
34,디저트,,,,단호박 무스케이크,https://www.10000recipe.com/recipe/7082879,180,호수맘,4인분,30분 이내,아무나,"['단호박 큰거740g', '계란', '모차렐라치즈', '소금', '쌀가루', '오일', '알롤로스']","단호박으로 만들어본 단호박무스케이크
한끼식사로 아이들간식으로 정말좋아요","['단호박은 반으로 잘라 씨를 빼 주세요. 그리고 전자레인 2분 돌려주시면 손질하기가좋아요 2조각은 남겨주시고 나머지는\n껍질을벗겨 전자레인지에 5분돌려주세요', '2조각은 큐브 모양으로썰어 전자레인지에 2분돌려주세요(나중에 장식용입니다)\n익힌 단호박은 으깨 주세요.\n으깬 단호박에 쌀가루3T/계란2개 /치즈80g/알롤로스 2T/\n소금약간 버터10g넣고섞어주세요', '틀어오일을발라주세요\n재료섞은 단호박을 오일 바른 틀 안에 넣어서 탁탁처 공기를 빼주세요 큐브모양으로 썰어놓은 단호박을 위에 올려주세요\n뚜껑닫고 전자레인지에 5분돌려주시면 치즈에쫀득한맛과달콤한단호박이 부드럽고맛있어요']","['단호박무스케이크', '단호박찜', '단호박케익', '단호박', '치즈빵']","['740g', '2개', '80g', '약간', '3T', '약간', '2T']"
35,디저트,,,,재료도 방법도 초간단! 떠먹는 치즈감자,https://www.10000recipe.com/recipe/6910706,"189,938",제줌마,2인분,20분 이내,아무나,"['감자', '베이컨', '모짜렐라 치즈', '우유', '후추']","출출한 늦은 저녁, 왕창 사놓은 감자를 보고 치즈감자를 해먹어 볼까 생각해서 만들어 먹어보았는데 생각보다 너무 맛있어서 올려용 :))","['제일 먼저 물에 감자를 넣고 삶아줄게요\n감자 따로 먹으려고 같이 삶아서 4개랍니당ㅎㅎ', '감자가 삶아지는동안 베이컨을 잘라주세요', '잘라놓은 베이컨을 노릇노릇하게 익혀주세요', '감자가 다 익으면 접시에 으깨주세요', '으깨진 감자 위로 베이컨을 솔솔 뿌려줄게요', '치즈를 뿌려주세요', '우유 2스푼을 살짝코롬 넣어줄게요', '후추도 톡톡 뿌려주세요', '그다음 믹스해줄게요', '믹스하고 난 후 치즈를 취향껏 드음뿍 넣어주세요', '전자렌지 혹은 오븐에 3분정도만 구워줄게요\n파슬리 톡톡 뿌리면 완성입니당!\n오븐\n,\n전자레인지']","['감자', '베이컨', '치즈', '초간단', '야식', '파슬리', '다이어트', '밑반찬', '간식', '칼슘']","['2개', '4줄', '1주먹', '2T', '1꼬집']"
36,디저트,,,,옥수수삶기 여름간식으로딱!쫀득하고달콤하게 삶는법,https://www.10000recipe.com/recipe/7079681,551,호수맘,6인분 이상,30분 이내,아무나,"['옥수수', '굵은소금', '뉴슈가']",여름이면 가장 먼저 생각나는 제철 간식이 바로 옥수수예요. 갓 삶아는 따끈한 옥수수는 고소한 풍미와 쫀득한 식감이 일품이죠. 오늘은 집에서 실패 없이 맛있게 즐길 수 있는 옥수수 삶는 방법 소개합니다.,"['옥수수는 껍질을 제거하고 속껍질 한 두 장 정도만 남겨 두세요.\n흐르는 물에 깨끗이 씻어 준비해 주세요. 압력솥에 삶으면 빠른 시간에 옥수수를 삶을 수 있습니다.', '압력밥솥에 소금과 뉴슈가를 넣고 잘 녹여 주세요.\n그위에 옥수수를넣고 물은 옥수수가 잠길정도로 넣어주세요 뚜껑을닫아주세요 (일반웍에 삶으려면30~40분 걸립니다)', '강불에서 끓이다 추가흔들리면 7분정도 더끓여주세요\n그리고 약불로10분 끓여불을꺼주세요\n압력밥솥 추가 완전내려갈때까지 기다렸다려주세요(뜸들이기)', '추가완전히 내려가서 뚜껑을열면\n쫄깃쫄깃하고 맛있는 옥수수 완성입니다']","['옥수수', '옥수수삶기', '여름간식', '옥수수삶는시간', '제철옥수수']","['10개', '2T', '1/3T']"
37,디저트,,,,그릭 요거트로 만든 통밀 쿠키,https://www.10000recipe.com/recipe/7078268,434,호수맘,6인분 이상,60분 이내,아무나,"['계란', '버터', '그릭요거트']",그릭 요거트로 만든 통밀 쿠키 부드러워서 자꾸 손이 가는 통밀 쿠키입니다. 에어프라이어 오븐 다 가능합니다,"['그릭요거트는 채반에받처물기를빼주세요 버터 160g을 녹여주세요. 그리고 계란 두 개를 넣고 풀어주세요.\n버터와 계란 풀은 곳에 통밀 쿠키믹스를 넣어주세요', '위 재료를 섞어주세요. 어느정도 섞어지면 체반에 받쳐 놓은 그릭 요거트를 넣어주세요.', '가루와 요거트가 섞이도록 충분히 섞어주세요 반죽이 요거트 때문에 조금 질어서 손으로는 모양이 안 나와서 저는 숟가락도 했어요.', '180도 예열된 오븐에20~25분 구워주세요 제품마다 온도 차이가 있으니 한 번씩 확인해주세요. 저는 22분 구웠습니다.']","['통밀쿠키.그릭요거트쿠킹.홈베이킹', '어린이간식', '에어프라이어', '오븐']","['2개', '160g', '100g']"
38,디저트,,,,아보카도 바나나 스무디 만들기,https://www.10000recipe.com/recipe/7081145,304,호수맘,2인분,10분 이내,아무나,"['구매', '냉동바나나', '블루베리', '호두', '우유', '올리고당']",저녁을 가볍게 먹어보려고 아보카도 바나나스무디 만들어봤어요.,"['저는 냉동실 과일사용했어요 아보카도 바나나를 믹서기에 잘갈리게 썰어주세요', '썰은과일을 믹서기에넣고\n우유 400ml 올리고당 넣고갈아주세요', '맛있는 아보카도 바나나스무디 완성입니다 아침 저녁 가볍게 먹을수있는 아보카도 바나나스무디 생각보다 든든하고 맛있습니다']","['아보카도스무디.', '아보카도바나나스무디', '바나나스문디', '건강스무디', '다이어트스무디', '아침저녁식사대요']","['2조각', '2개', '1줌', '1줌', '400ml', '1T']"
39,디저트,,,,에어프라이어 콘치즈 토스트 만들기!중독성 강하네요!,https://www.10000recipe.com/recipe/6913489,"247,020",뽀유TV,1인분,10분 이내,아무나,"['식빵', '캔옥수수', '설탕', '마요네즈', '파슬리가루']","콘치즈는 그냥 먹어도 맛있지만 토스트로 만들어 드셔도 정말 맛이 좋은데요.
전자렌지로 해먹어도 맛있었는데 에어프라이어로 해보니 더 맛이 좋네요^^","['물기를 제거한 캔옥수수와 설탕,마요네즈를 넣고 잘 섞어주세요', '식빵 한장에 방금 만든 콘마요를 골고루 잘 올려 주세요', '이제 치즈를 넉넉하게 뿌려주신뒤 파슬리 가루도 솔솔 뿌려주셔요\n파슬리가루 없으시면 패스하세요', '170도에 4분 돌려주심 끝!집에 가지고 계신 에어프라이어마다 화력이 약간씩 다르니 기호에 맞게 1-2분 더 추가해주시면 되겠습니다\n에어프라이어', '에어프라이어로 뚝딱 만든 콘치즈 토스트 완성됬어요. 한입 먹어보면 손을 멈출수 없게 맛있답니다, 강추해요!']","['콘치즈토스트', '에어프라이어', '요리', '에어프라이어', '레시피', '에어프라이어', '간식', '에어프라이어', '토스트', '에어프라이어', '콘치즈토스트', '토스트', '간식', '디저트']","['1장', '2T', '1/2T', '', '']"
40,디저트,,,,집에서 만드는 요거트 크림베리 스콘 만들기,https://www.10000recipe.com/recipe/7077568,601,호수맘,6인분 이상,60분 이내,중급,"['박력분', '버터', '달걀', '플레인요거트', '우유', '설탕', '베이킹파우더', '말린 크린베리', '달걀물']",오늘은 집에서 카페처럼 즐길 수 있는 요거트 크림베리 스콘 레시피 소개할게요. 오븐 에어프라이어 다 가능합니다,"['버터 달걀 우유 요거트는 모두 차가운 상태에서 만들어주세요. 플레인 요거트는 체에 미리 받쳐 물기를 빼주세요. 계란에 설탕을 넣고 거품기로 졌다가. 차가운 요거트와 우유를 넣고 저어주세요.', '박력분 320g 베이킹파우더 14g 채에내려주세요\n채에 내린 박력분에 얇게 썬 버터를 80g 넣고 손바닥으로 보슬보슬한 소모로 상태로 해주세요.', '크림베리를 넣고 앞에서 준비해놓은반죽을 넣어주세요.(계란.설탕.요거트) 반죽은 살살 버무려주세요.', '어느 정도 섞어지면 봉투에 넣어 30분간 냉장고에 넣어 주세요', '30분 뒤 꺼내서 밀대로 밀어 모양을 잡아주세요', '계란물을 만들어 반죽 위에 칠해주세요', '180도 예열된 오분에 20분 구워주세요\n에어프라이어나.\n오븐']","['스콘만들기.에어프라어로', '스콘만들기.크린베리스콘.카페스콘', '아침대용식사', '브런치']","['320g', '80g', '1개', '90g', '20g', '70g', '14g', '1컵', '약간']"
41,면/만두,,,,비빔국수 황금레시피,https://www.10000recipe.com/recipe/7081026,606,호수맘,3인분,30분 이내,아무나,"['소면300g', '오이', '삶은계란', '구매', '고추가루', '고추장', '설탕', '식초', '진간장', '다진마늘', '참기름', '후추']",새콤달콤하면서 매콤한 양념장이 면에 착 감기며 한 그릇 금세 비워지는데요. 오늘은 누구나 실패 없이 만들 수 있는 비빔국수 황금 레시피 소개합니다.,"['끓는 물에 소면을 넣고 3 ~4분 삶아주세요. 삶은 면은 찬물에 여러 번 비벼 씻어 전분을 제거한 뒤 물기를 충분히 빼주세요', '양념장을 만들어 주세요.\n고춧가루 고추장 설탕 식초 진간장 다진 마늘 후추 넣고 양념장을 만들어 주세요.', '면에 양념장을 넣고 골고루 비빈 뒤 그릇에 담아 주세요\n삶은 달걀 오이 통깨 올리고 참기름넣으면 맛있는 비빔국수 완성입니다']","['비빔국수', '정호영비빔국수.', '비빔국수황금레시피', '소면요리', '여름요리', '점심메뉴']","['300g', '1/2개', '2개', '', '3T', '3T', '5T', '2T', '2T', '1T', '2T', '약간']"
42,면/만두,,,,라이스페이퍼 양배추만두,https://www.10000recipe.com/recipe/7045377,"11,305",만개의레시피,2인분,20분 이내,아무나,"['양배추', '참치', '달걀', '라이스페이퍼', '굴소스', '후추', '간장']","만두는 먹고 싶은데 피까지 만들긴 귀찮고..그럴 땐 라이스페이퍼를 활용해 보세요!
참치, 달걀로 만두소까지 만들면 간단해요 양배추까지 들어가 속도 편안하구요.
가벼운 저녁 한끼를 고민하고 계시다면 오늘은 라이스페이퍼 양배추 만두로 GO","['양배추는 잘게 채 썰어요.\n나무도마\n,\n조리용나이프', '참치는 기름을 빼서 준비해요.\n찬기\n,\n숟가락', '팬에 기름을 두르고 양배추를 볶아요.', '양배추 숨이 죽으면 옆쪽으로 밀어두고 달걀을 볶아요.\n프라이팬\n,\n조리주걱', '달걀이 익으면 양배추와 함께 섞어 볶아요.', '참치와 굴소스, 간장을 넣어 볶아요.\n간장은 가장자리에 넣어 살짝 볶아 섞어요.', '미지근한 물에 적신 라이스페이퍼 위에 볶아둔 양배추를 한스푼씩 넣어 말아요.\n2번 말아주면 더 쫄깃하고 맛있어요.', '기름을 두른 팬에 노릇하게 구워요.', '초간장과 곁들여 완성해요.\n접시']","['양배추만두', '만두']","['1/4개', '1캔', '2개', '10장', '1T', '약간', '1/2T']"
43,면/만두,,,,비엔나 만두 강정,https://www.10000recipe.com/recipe/6877253,"295,395",찌니훗,2인분,15분 이내,아무나,"['만두교자만두/물만두', '비엔나소세지 작은거', '물', '간장', '고추장', '케찹', '올리고당', '다진마늘', '참기름', '깨']",만두 강정을 만드려다가 집에 비엔나소세지가 있어서 같이 만들어봤어요ㅎㅎ,"['만두는 기름을 두룬 팬에 노릇하게 구워줍니다.', '비엔나 소세지에 원하는 모양대로 칼집을 내고 팬에 볶아줍니다.\n양파가 있다면 같이 볶아줘도 좋아요:)', '비엔나가 어느정도 구워지면 만두를 같이 넣어줍니다.', '양념장을 넣고 양념이 고루 베이도록 잘 섞어줍니다.', '양념이 어느정도 베이면 위에 통깨를 뿌려 마무리합니다.', '간식이나 술안주, 밑반찬으로 먹기 좋은 비엔나만두강정 완성!']","['비엔나소세지', '소세지', '만두', '초간단', '간식', '안주', '만두강정']","['교자만두/물만두', '1봉', '1T', '1T', '2T', '2T', '1.5T', '1t', '약간', '약간']"
44,면/만두,,,,들기름 메밀국수 레시피,https://www.10000recipe.com/recipe/7080155,666,호수맘,2인분,15분 이내,아무나,"['메밀', '오이', '들기름', '쯔유', '물', '와사비', '깨소금', '들깨가루', '김가루']",여름철 입맛이 없을 때 간단하면서도 든든하게 즐길 수 있는 들기름 메밀국수입니다.,"['끓는 물에 메밀국수를 3~ 4분 삶아 주세요\n삶은 면은 찬물에 여러 번 헹궈 전분기를 제거해 주세요. 체반을 받쳐 물기를 빼 주세요', '볼에 물 250ml 쯔유 50ml 와사비 넣고 섞어 준비해주세요\n김가루는. 일회용김을 봉지에넣고 뿌셔주세요\n오이는 채썰어주세요', '그릇에 삶은 메밀면을 넣고 만들어 놓은 양념장을 넣어 주세요. 그 위에 썰어 놓은 오이 들깨가루 김가루 깨소금 넣고 들기름을 넣어 주세요.', '시원하게 얼음을넣어주시면 들기름메밀국수와성입니다']","['들기름', '메밀국수', '들기름막국수', '메밀국수', '메밀면요리', '여름별미', '간단한점심메뉴']","['200g', '1/4개', '4T', '50ml', '250ml', '1t', '1T', '2T', '2개']"
45,면/만두,,,,고추참치 하나면 맛있는 파스타가 됩니다.,https://www.10000recipe.com/recipe/6961309,"4,676",맛있다그리드,1인분,30분 이내,초급,"['파스타면', '고추참치', '마늘', '소금', '진간장', '굴소스']","정말 간단하지만
맛을 보면 특별한 고추참치 파스타를 만들어봤습니다.
집에 하나쯤 있을법한 고추참치로
특별한 요리 만들어보세요!","['마늘 7개 슬라이스 해줍니다.', '끓는물에 소금 1/2큰술을 넣고\n파스타를 넣고 10분간 중불에 끓여줍니다.', '팬에 올리브유를 두르고\n마늘을 넣고 중불에서 2분간 볶아주세요.', '마늘이 노릇하게 익으면 고추참치를 넣고 2분간 볶아줍니다.', '파스타를 넣고,\n면수 3-4큰술을 넣은 뒤 볶아줍니다.', '진간장 1/2큰술을 넣고 볶아줍니다.', '마지막으로 굴소스 1/2큰술 넣고 볶아주면 완성!!']","['고추참치', '파스타', '참치파스타', '고추참치파스타', '초간단', '점심메뉴', '1인분', '저녁메뉴', '참치']","['1인분', '1캔', '7개', '1/2큰술', '1/2큰술', '1/2큰술']"
46,면/만두,,,,고소하고 짭짤한 초간단 명란버터우동,https://www.10000recipe.com/recipe/7002301,"7,953",만개의레시피,1인분,10분 이내,아무나,"['우동면', '명란젓', '쪽파', '버터', '달걀', '김가루', '쯔유']","국물 없이 간단하게 비벼먹는 우동 명란, 버터, 김가루, 쪽파 등을 올리고 쯔유를 넣어 비벼먹는 초간단 명란버터우동 가벼운 한끼를 원하는 분들이라면 집에서 한끼 맛있게 드셔보세요.","['명란은 반을 가른 후 칼등으로 밀어 껍질을 제거해요', '쪽파는 송송 썰어요', '달걀은 노른자와 흰자를 분리해요', '끓는물에 우동사리를 넣고 풀어가며 익혀요', '그릇에 우동면을 담고 명란과 쪽파를 올려요', '버터와 김가루를 올려요\n버터는 실온에 보관한 후 사용해요', '쯔유를 넣어 완성해요']","['명란버터우동', '우동', '명란우동']","['1인분', '1개', '1줄', '1조각', '1개', '약간', '1숟가락']"
47,면/만두,,,,여름별미 10분초간단 냉짬뽕만들기,https://www.10000recipe.com/recipe/7081185,415,호수맘,2인분,15분 이내,아무나,"['진짬뽕 라면', '냉면육수', '새우', '배추', '청경채', '식초', '얼음']",입맛 없는 무더운 날 집에서 간단하면서도 특별한 여름 별미를 즐기고 싶을 때 만들어 먹기 좋은 냉 짬뽕 레시피 입니다.,"['야채는 먹기좋은크기로썰어준비해주세요\n라면 액상스프와 냉면육수 식초를넣고섞어 냉장고에 넣어주세요', '냄비에 물을 넣고 물이 끓으면 짬뽕의 건더기와 면을 넣고 5분 동안 끓여 주세요.\n썰어놓은야채와 새우를넣고 1분정도 더끓여주세요', '면은 찬물에 충분히 헹궈 물기를 빼주세요 볼에 라면을담고 준비해놓은 육수를 넣어주세요. 액상스프는 국물에돌려마지막으로넣고\n얼음도 넣어주시면 시원한고 맛있는 냉짬뽕완성입니다']",['냉짬뽕만들기 냉짬뽕 레시피. 여름별미. 진짬뽕 냉면육수. 초간단냉짬뽕'],"['2봉지', '2봉지', '10마리', '3쪽', '3개', '1T', '약간']"
48,면/만두,,,,면두부 새우오일파스타 다이어트에도 좋아요,https://www.10000recipe.com/recipe/6939082,"47,703",눈누난나02,1인분,20분 이내,초급,"['통마늘', '새우', '올리브오일', '소금', '후추']","코스트코 장보러 갔는데 면두부가 있더라구요.
건강에도 좋고 다이어트에도 좋을거 같아서
파스타 만들때 면두부로 만들어보았답니다. (맛있어요 ^^)","['면두부', '새우 6마리 (요것도 코스트코 냉동새우)', '마늘은 편마늘로 준비합니다.', '팬에 올리브오일 넉넉히 두르고\n편마늘 넣어서 노릇하게 볶아질때쯤', '새우를 넣고 함께 볶아줍니다.\n이때 소금과 후추를 촥촥 뿌려줍니다.', '새우가 어느정도 익었을때쯤\n마지막에 면두부를 넣고 살짝 볶아주기만하면', '면두부 새우오일파스타 완성입니다.', '꼬독꼬독한 식감에 고소함이 더해진\n면두부 새우오일파스타 다이어트에도 좋은거같아요 ^^']","['새우오일파스타', '오일파스타', '면두부파스타', '면두부새우오일파스타', '면두부오일파스타', '다이어트요리', '다이어트음식', '다이어트']","['7~10개', '6~8마리', '', '', '']"
49,밥/죽/떡,,,,칠리새우덮밥,https://www.10000recipe.com/recipe/7081818,691,호수맘,2인분,20분 이내,아무나,"['계란', '다진마늘', '새우', '올리브오일', '버터', '간장', '케찹', '고추가루', '알롤로스(설탕)', '식초', '양파', '밥']","퇴근하고 집에오니 딸이 만들어놓은
칠리새우덮밥입니다
맛있어서 한그릇 순삭했네요","['칠리소스를 만들어주세요\n간장1/식초1/케찹 1/알룰로스 1/고추가루1/넣고 칠리소스만들어주세요', '계란2개를 잘풀어주세요\n후라이팬에 올리브 오일 넣고 달궈지면 계란물은 넣어주세요. 반 정도 익으면 젓가락으로 저으면서 스크램블을 만들어 따로 빼둡니다.', '올리브유를 2스푼 넣고 펜을 달군뒤 다진 마늘 1스푼을 넣고 새우 앙파를넣고 새우가 붉어질 때까지 볶아 주세요.\n만들어 놓은 칠리 소스를 넣어 약불로 섞어 주세요.\n집에 버터가 있으면 버터를 추가해서 녹여주면 감칠맛이 더 좋습니다.', '밥 위에 스크램블 에그를 올리고 펜에 있는 칠리 새우로 올려주면 맛있는 칠리새우 덮밥 완성입니다.']","['칠리새우덮밥', '새우덮밥', '칠리새우', '새우레시피', '덮밥레시피', '한그릇요리', '집밥레시피']","['2개', '1T', '10마리', '3T', '10g', '1T', '1T', '1T', '1T', '1T', '1/2개', '1공기']"
50,밥/죽/떡,,,,찬밥으로만드는 누룽지 치킨,https://www.10000recipe.com/recipe/7081480,373,호수맘,2인분,30분 이내,아무나,"['구매', '찬밥', '소금', '후추', '옥수수콘', '양념', '고추가루', '설탕', '간장', '깨소금', '참기름', '마늘', '식용유']","찬밥으로 누룽지만들어 구운닭올려만드는 누룽지 치킨입니다
양념장 을만들어 올려드시면 더맛있습니다","['닭은 깨끗이 씻은 뒤 키친타올로 물기를 꼼꼼히 닦아 주세요. 소금과 후추를 골고루 뿌리고 올리브유를 발라 밑간에 주세요.', '예열된 후라이팬에 앞두를 노릇하게 구워주세요\n저희집에송이가있어 같이구워어요 구운닭은 따로 놓아주세요', '후라이팬에 찬밥을깔고 누릉지를 만들어주세요\n물90ml를넣고 밥위에 옥수수콘올려 뚜껑을닫고 7분정도 약불로 누릉지 만들어주세요', '밑이노릇하게 누릉지가생기면 구워놓은 치킨을 먹기좋은 크기로잘라 올려주시면 맛있는 누릉지 치킨완성입니다 그냥드셔도 맛있고양념장올려드셔도 맛있습니다']","['누릉지', '치킨.', '누릉지통닭', '치킨레시피', '찬밥활용요리', '누릉지만들기', '집밥레시피']","['1/2마리', '1공기', '약간', '약간', '2T', '', '1/2T', '21T', '2T', '약간', '약간', '1/2T', '약간']"
51,밥/죽/떡,,,,녹두 삶기｜알알이 살아 있는 식감부터 부드러운 식감까지,https://www.10000recipe.com/recipe/7082669,127,주식회사 우즈코홀딩스,2인분,30분 이내,아무나,"['녹두', '물불린 물/통녹두가 충분히 잠길 정도', '물삶을 물/ 불린 통녹두가 충분히 잠길 정도']","녹두는 미리 삶아 소분해 두면
녹두밥이나 죽, 수프, 샐러드, 요거트 토핑으로 간편하게 활용할 수 있어요.
오늘은 기본 중에 기본!!
어렵지 않게 따라 할 수 있는
통녹두 삶는 방법을 소개해 드릴게요.","['통녹두를 흐르는 물에 여러 번 깨끗하게 씻어주세요.\n씻은 녹두에 물을 넉넉하게 붓고 약 4~6시간 정도 불려줍니다.\n녹두 한컵, 불릴 물 적당히\n볼\n충분히 불린 녹두는 알이 통통해져 삶는 시간이 줄고 식감도 한결 부드러워져요.', '불린 녹두를 냄비에 담고 녹두가 충분히 잠길 정도로 물을 부어주세요.\n냄비 바닥에 눌어붙지 않도록 중간중간 주걱으로 가볍게 저어주세요.\n삶는 동안 생기는 거품은 국자나 숟가락으로 가볍게 걷어내 주세요.\n조금 더 깔끔하게 삶은 녹두를 만들 수 있어요.\n불린 통녹두, 삶을 물(불린 통녹두가 충분히 잠길정도)\n냄비\n,\n주걱\n중약불\n처음부터 너무 센 불로 끓이기보다는 중약불에서 천천히 삶아주는 것이 좋습니다.', '녹두는 활용할 요리에 따라 삶는 시간을 조절해 주세요.\n알알이 살아 있는 식감: 약 15~20분\n앙금처럼 부드러운 식감: 약 20~30분\n불린 통녹두, 추가 물\n약불\n샐러드나 밥에 넣을 때는 녹두알이 살짝 살아 있게, 죽이나 수프에 사용할 때는 푹 익혀 부드럽게 삶는 것이 좋아요. ※ 녹두의 양과 불린 정도, 화력에 따라 삶는 시간은 달라질 수 있습니다.', '녹두 한 알을 꺼내 손가락으로 살짝 눌러보세요.\n힘을 많이 주지 않아도\n부드럽게 으깨지면 잘 익은 상태입니다.\n원하는 식감이 되었다면 불을 끄고,\n남은 물이 있을 경우 체에 밭쳐 물기를 빼주세요.', '삶은 녹두는 충분히 식힌 뒤\n한 번에 사용할 만큼씩 나누어 밀폐용기에 담아주세요.\n냉동실에 소분해 두었다가\n필요할 때마다 해동해서 사용하면 편리합니다.']","['녹두', '녹두삶기', '건강식단', '디톡스', '염증완화', '피로회복', '저속노화', '잡곡밥', '녹두간식', '통녹두']","['1컵', '불린 물/통녹두가 충분히 잠길 정도', '삶을 물/ 불린 통녹두가 충분히 잠길 정도']"
52,밥/죽/떡,,,,굴소스 팽이버섯 계란 덮밥 만들기 한 그릇 레시피,https://www.10000recipe.com/recipe/7065887,"12,620",Y큰손,1인분,10분 이내,아무나,"['밥', '팽이버섯', '계란', '대파', '식용유', '간장', '굴소스', '물', '참기름']","바쁜 날에도 10분 만에 완성되는 굴소스 팽이버섯 계란 덮밥 만들기 한 그릇 레시피를 준비했어요.
​","['재료 준비', '팽이버섯은 밑동을 잘라내고 흐르는 물에 가볍게 헹궈 한 입 크기로 썰어주세요.\n대파는 송송 썰어 준비합니다.', '팬에 식용유 1T를 넣고 버섯 넣어 가볍게 볶아 숨이 살짝 죽으면\n파 기름을 내는 게 좋으시면 파 기름 먼저 내고 버섯 볶아주세요.', '재료를 한쪽으로 밀어주고 간장 1T, 굴소스 1T를 넣어 섞어준 후 버섯에 간이 배도록 볶아주세요.', '물 3T를 넣어 바글바글 끓여주시다가', '가운데 계란 2개 넣어주고 불을 약약불로 줄인 다음에 뚜껑을 닫아 3~5분 익혀주세요.', '저는 반숙보다는 조금 익게 하여 5분 정도 익혀주었어요. 취향에 맞게 해주세요.', '그릇에 밥 한 공기를 펼쳐주시고 팽이버섯 계란 볶음을 살포시 덮어주세요. 대파를 올려주시고 고소하라고 참기름 1T 넣어주세요.']","['팽이버섯', '계란', '굴소스', '덮밥', '한그릇', '간단']","['1공기', '1봉지', '2개', '', '1T', '1T', '1T', '3T', '1T']"
53,밥/죽/떡,,,,"녹두죽 | 찬밥 남았을 때, 고소한 녹두죽 한 그릇",https://www.10000recipe.com/recipe/7083081,142,웰스쿱,2인분,20분 이내,아무나,"['찬밥', '삶은 녹두종이컵', '소금']",냉장고 속 찬밥과 냉동실에 소분해 둔 삶은 녹두로 간편하게 만드는 따뜻한 한 끼.,"['냉장고에 찬밥, 냉동실에 소분했던 녹두를 꺼냅니다.\n녹두삶기 ===>\n@7082669', '냄비에 재료를 넣고 물은 2배이상 부어줍니다.\n중약불로 서서히 끊여줍니다.\n냄비\n중약불\n처음부터 강불을 사용하면 바닥에 눌러 붙을 수 있어요.', '끓기 시작하면 천천히 저어주세요.\n주걱으로 꾹~꾹~ 눌러 녹두 알맹이와 밥을 조금씩 으깨어 줍니다.\n20분정도 끓으면 완성~\n소금간은 기호에 맞춰 드실 때 추가해 주세요.\n녹두를 주걱으로 으깨주면 더 부드러워요. 파김치를 곁들이면 더욱 맛있어요.']","['녹두', '녹두죽', '찬밥활용', '건강한죽', '영양식', '삶은녹두']","['1그릇', '종이컵', '기호에맞게']"
54,밥/죽/떡,,,,육회 비빔밥 황금 레시피 집에서도 맛집처럼 즐기는 고소한 한그릇,https://www.10000recipe.com/recipe/7080959,820,호수맘,2인분,20분 이내,아무나,"['육회용 소고기', '밥', '상추', '깻잎', '양배추', '참기름', '고추장', '고추장', '고추가루', '간장', '설탕', '올리고당', '다진마늘', '깨소금']",육회 비빔밥은 신선한 육회와 아삭한 채소 고소한 참기름이 어우러져 한 그릇만으로도 든든한 한 끼가 되는 별미입니다.,"['육회용 소고기는 키치타올로 핏물을 제거해 주세요.', '양념을 만들어주세요\n고추장 고춧가루 간장 설탕 올리고당 다진 마늘 깨소금넣고 잘섞어주세요. 소고기는 양녕장2/1넣고 젓가락으로 무처주세요', '야채는 송송 썰어 주세요.\n그릇에 송송썬야채를넣고 그위에\n양념한 소고기 .밥 .올려주시고 남은 양념 넣고 김가루 깨소금 참기름4T넣고비벼주세요\n참기름을 많이넣어야 맛있습니다\n양념은 한번에 다넣지 말고 취향에따라 드셔보고 첨가해주세요']","['육회비빔밥', '육회비빔밥레시피', '육회양념', '육회양념황금비율']","['200g', '2공기', '약간', '약간', '약간', '4T', '2T', '2T', '1T', '1T', '2/1T', '2/1T', '2/1T', '약간']"
55,밥/죽/떡,,,,매콤 게살 리조또 레시피,https://www.10000recipe.com/recipe/7082206,236,호수맘,2인분,30분 이내,초급,"['밥', '버터', '크래미', '표고버섯', '양파', '치킨스톡', '굴소스', '다진마늘', '크러시드페퍼고추가루', '파슬리', '후추', '우유']",부드럽고 고소한 리조또에 게살을듬뿍 넣고 매콤한 맛을 더해봤어요.,"['양파와 버섯은 먹기좋은크기로썰어주고 크레미는 잘게 찢어주세요\n달궈진 팬에 다진마늘과 크러시페퍼를넣고 볶다가마늘 향이 올라오면 양파를 넣어 주세요', '양파를 넣고 볶다가 표고버섯 크래미를 넣고 좀 더 볶아 주세요. 재료가 적당히볶아지면 버터한조각/치킨스토0.5T/굴소스0.5T넣고 볶다가 우유500ml와체다치즈2장 넣고\n보글보글 끓을때까지 저어주세요', '밥을넣고 약불로 밥이 퍼질때까지 뚜껑닫고 한번씩져어주세요\n밥알이 퍼지면 완성입니다 후추와 파슬리약간올려주세요\n매콤게살 리조또']","['매콤게살리조또.', '게살리조또', '리조또레시피', '리조또만들기', '게살요리']","['1.5공기', '1조각', '4개', '1개', '1/2개', '1/2T', '1/2T', '1/2T', '고추가루', '약간', '약간', '500ml']"
56,밥/죽/떡,,,,[두부계란덮밥] 두부를 이용한 건강한 다이어트 밥상,https://www.10000recipe.com/recipe/7054279,"5,802",쑤블리,2인분,30분 이내,초급,"['두부', '계란', '스테비아', '간장', '물', '굴소스', '청양고추', '들기름', '깨']",두부를 이용한 건강한 다이어트 밥상 소개해드릴게요~!!,"['두부 1모는 먹기 좋은 크기로 잘라주신 후\n도마\n,\n조리용나이프', '키친타올로 물기를 제거해주세요~\n키친타올', '웍에 기름을 두른 후\n웍', '두부를 구워주시는 동안 양념을 준비해볼게요~', '스테비아 1/2T 넣어주세요~\n소스볼\n,\n숟가락', '굴소스 2 T', '간장 2T', '물 2T', '청양고추 조금을 넣고 섞어주세요~', '계란 2개는 미리 풀어놔주세요~', '두부가 어느정도 익었다 싶으면 풀어놓은 계란을 부어주시고', '만들어놓은 양념을 부어주시고', '볶아주세요~!!\n요리스푼', '다 볶았으면 밥 위에 두부계란을 올려주시고\n접시', '들기름 조금에 깨까지 넣어주면', ""진짜 맛있는 '두부계란덮밥'이 완성~! 감칠맛에 단백질도 가득들어가 있고 중독적인 맛이여서 자주 먹고 있어요~~!""]",['두부계란덮밥'],"['1모', '2개', '1/2T', '2T', '2T', '2T', '조금', '조금', '조금']"
57,퓨전,,,,가지새우볶음밥,https://www.10000recipe.com/recipe/7079465,835,호수맘,1인분,10분 이내,아무나,"['밥', '가지작은것', '표고버섯', '양파', '시금치', '굴소스', '계란', '참기름', '깨소금', '새우', '올리고당', '참치액젓']","제철 야채로 간단하면서 맛있게 먹는 한끼식사입니다
야채싫어하는 아이들도 잘먹어요","['모든 재료는 깨끗이 씻어서 먹기좋은크기로 잘라주세요\n너무작은것보다 조금큼직하게쓰는게 좋아요\n아이들은 작게썰어주길 추천합니다', '새우는 깨끗이 손질한 뒤 키친타올로 물기를 제거해주세요.', '팬에 올리브유를 두르고 썰어 놓은 야채를 넣고 1분볶아주세요\n굴소스를 넣고\n새우넣고1~2분또 볶아주세요', '찬밥을넣고 볶아주세요\n이때드셔보고 약간신거우면 참치액젖2/1큰술넣어주세요\n맛있는 가지새우볶음밥완성입니다']","['가지볶음새우볶음.가지볶음밥.새우볶음밥.야채볶음밥', '간단한한끼.초스피드요리']","['1공기', '작은것', '1개', '1/2개', '1줌', '1T', '1개', '1/2T', '1/2T', '50g', '1T', '1/2T']"
58,퓨전,,,,옥수수감자전,https://www.10000recipe.com/recipe/7082298,334,호수맘,2인분,20분 이내,아무나,"['캔옥수수', '감자큰것', '모짜렐라치즈', '부침가루', '물', '식용유', '소금']",애들이 놀러와서 해줬더니 너무좋아하네요,"['캔 옥수수는 흐르는 물에 헹궈 채반에 받쳐주세요.\n감자는 옥수수크기보다작게 썰어주세요', '볼에 감자와 옥수수 모짜렐라치즈60g 부침가루6T 소금 약간 물 4큰술 넣고 섞어 주세요.', '예열된 후라이팬에 식용유두르고 모양내서 중약불로 노릇하게 앞뒤를구워주세요']","['옥수수전', '감자전', '옥수수감자전', '치즈옥수수전', '치즈감자전']","['1개', '큰것', '60g', '6T', '5T', '약간', '약간']"
59,퓨전,,,,떡국떡 으로만드는 떡볶이,https://www.10000recipe.com/recipe/7079789,400,호수맘,2인분,20분 이내,아무나,"['당면', '식용유', '구매', '어묵', '파', '고추장', '고추가루', '올리고당', '물만두', '구매']",냉장고에 남아 있는 떡국떡은 어떻게 활용해야 할지 고민될 될때 떡국만 끓여 먹기보다 떡볶이로 활용하면 색다른 한 끼의 완성입니다.,"['당면과 떡은 따뜻\n한물에물에30분 불려주세요', '냄비에 물을붓고식용유 고추장 고추가루 진간장 올리고당 다진마늘 알육수 넣고 끓여주세요', '양념한물이끓으면 불린당면 오댕 파 물만두 찐계란을 넣고 끓여주세요 물이졸아들으면.\n물100ml더넣고 약불로끓여주면서 섞어주세요\n매콤달콤한 당면떡국떡 떡봅이완성입니다']","['떡국떡', '냉동떡해동', '집밥레시피', '간식만들기', '쉬운요리']","['50g', '약간', '1개', '3장', '약간', '1T', '2T', '3T', '5개', '2개']"
60,퓨전,,,,호박도토리전,https://www.10000recipe.com/recipe/7081780,221,호수맘,2인분,20분 이내,아무나,"['도토리가루', '계란', '소금', '후추', '식용유', '애호박']",동생이 밀가루 못먹어서 만든 호박도토리전입니다,"['호박은 가늘게채썰어 소금에살짝\n절여 주세요. 5분\n절인호박을 꼭짜주세요', '꼭짠호박을 볼에넣고. 도토리가루\n계란 후추넣고 섞어주세요', '팬에 식용유두르고\n반죽을 넣고 앞뒤를 노릇하게 구워주시면 완성입니다']","['도토리전', '도토리호박전', '호박전', '도토리호박전레시피', '집밥', '전요리']","['5T', '1개', '약간', '약간', '약간', '1개']"
61,퓨전,,,,쉽게 집에서도 크림파스타만들기,https://www.10000recipe.com/recipe/7082873,293,호수맘,2인분,20분 이내,아무나,"['스파게티면', '양파', '베이컨', '치즈', '다진마늘', '치킨스톡', '올리브유', '우유', '물']","집에서 쉽게해먹을수있는
크림파스타입니다
아이들이 좋아하네요","['양파는 얇게 썰어주시고\n베이컨도 썰어 주세요\n볼에 양파 /치즈/ 마늘/ 파스파면/올리브유/치킨스톡/넣고 센불에 끓여주세요', '스파게티면을 저어주면서 국물이 졸여지도록 끓여주세요', '국물이 다졸아들면\n파슬리를 넣어주세요']","['파스타', '베이컨', '크림파스타레시피', 'ㅡ']","['2인분', '1/2개', '2장', '2장', '1T', '1T', '1T', '300ml', '300ml']"
62,퓨전,,,,볶음우동 만들기,https://www.10000recipe.com/recipe/7081470,633,호수맘,2인분,20분 이내,아무나,"['우동면', '새우', '양배추', '송이버섯', '파', '올리브유', '굴소스', '간장', '설탕', '고추가루', '후추', '참기름', '깨소금', '불닭소스', '양파']",쫄깃 하고 매콤한 볶음우동 만들기 집에서 간단하게 만드는 볶음 우동 황금 레시피,"['재료는 잘손질해 먹기좋은크기로 잘라주세요\n면을 삶아서 살짝헹궈 체반에 받처주세요', '팬에 기름두르고 파 다진마늘 넣고 향을내주고 양념을 만들어주세요 고추가루 굴소스,간장 설탕. 후추를넣어주세요', '양념장에 양배추 양파 버섯 넣고볶다가. 새우 넣고 볶아주세요', '삶아놓은 우동면을넣고 볶아주세요 국물이 면에 베어들도록 볶아주고 참기름 깨소금넣으면 볶음우동완성입니다\n매콤한맛을원하시면 불닭소스 뿌려먹으면 더맛있습니다']","['볶음우동만들기', '볶음우동레시피', '매콤볶음우동']","['2개', '10개', '1줌', '1줌', '약간', '넉넉하게', '2T', '2T', '2T', '2T', '약간', '약간', '약간', '약간', '1/2개']"
63,퓨전,,,,감자 오믈렛 만들기.,https://www.10000recipe.com/recipe/7082197,262,호수맘,2인분,20분 이내,아무나,"['감자큰것', '계란', '구매', '크레미', '올리브유', '소금', '후추']",집에있는 감자 와 계란으로 간단하게 만들 수 있는 감자 오믈렛 만들어 봤어요.,"['감자는 껍질을벗겨 최대한 얇게 썰어주세요', '후라이팬에 올리브유 드루고 감자를 펴서 조금후추간을 해주세요\n불은 중불에하서. 노릇 하게 익혀주세요', '감자색이투명해지면 계란두개를 넣고 풀어주세요\n계란이 약간익으면위에 크레미 /네모난치즈 올려반으로 접어주세요\n약불로1분정도 있으면 완성입니다']","['감자오믈렛', '감자계란오믈렛', '감자요리', '간단한집밥.', '아침메뉴']","['큰것', '2개', '2장', '2개', '약간', '약간', '톡톡']"
64,퓨전,,,,초간단 배추전 레시피,https://www.10000recipe.com/recipe/7081854,252,호수맘,2인분,15분 이내,아무나,"['부침가루', '물', '소금', '식용유', '진간장', '식초', '물', '고추가루', '깨소금']",냉장고 열어보니 알베기가 조금 남았더라고요. 그래서 오늘은 밖에 비도 오고 해서 배추전을 만들어 봤어요.,"['배추는 깨끗이 씻어서 물기를 털어 주세요. 배추 줄기가 너무 두꺼우면 칼끝으로 살짝 칼집을 내주세요', '부침가루에 물을 넣고 너무 되직하지 않게 묽은 반죽을 만들어 주세요. 반죽이 너무 두꺼우면 배추전이 눅눅할 수 있으니 얇게 입히는 것이 포인트입니다.', '배추잎 앞뒤에 반죽을 얇게 입혀주세요.\n팬에 식용유 넉넉히 두르고 중불로 달군뒤 배추를 올려주세요. 앞뒤를 뒤집어가며 노릇하게 붙여주면 완성입니다.']","['배추전', '배추저레시피', '배추부침개', '배추요리', '집밥반찬', '간단한배추전']","['1컵', '1컵', '약간', '넉넉히', '2T', '1T', '1T', '약간', '약간']"
65,양념/잼/소스,,,,에그샌드위치 레시피 와사비와 피클 넣어 느끼하지 않게 만드는법,https://www.10000recipe.com/recipe/7082650,265,몽글쿡,2인분,20분 이내,아무나,"['식빵', '계란', '베이컨', '피클 다진거', '마요네즈', '와사비', '꿀또는 올리고당', '홀그레인 머스터드', '소금', '후춧가루', '버터또는 마요네즈']","아침에 든든하게 먹고 싶을 때 종종 만들어 먹는 에그샌드위치예요.
삶은 계란에 마요네즈를 넣고 베이컨과 피클을 더해 속을 푸짐하게 만들었는데요.
여기에 와사비를 조금 넣어봤더니
마요네즈의 느끼한 맛은 줄고 은은하게 알싸한 맛이 더해져서 맛있더라고요.
와사비가 강하지 않아 아이도 잘 먹었고, 베이컨과 피클이 함께 들어가 식감까지 좋았어요.
오늘은 제가 맛있게 먹고 있는 에그샌드위치 레시피 소개해 드릴게요.
​","['냄비에 계란이 충분히 잠길 정도로 물을 넣고 소금 1작은술과 식초 1작은술을 넣어주세요.\n계란을 넣고 물이 끓기 시작한 뒤 12분 정도 삶아 완숙으로 익혀주세요.\n다 삶은 계란은 바로 찬물이나 얼음물에 담가 식혀주세요.\n충분히 식힌 뒤 껍질을 벗겨주면 돼요.', '껍질을 벗긴 계란은 노른자와 흰자를 분리해 주세요.\n노른자는 따로 두고 흰자는 칼로 잘게 다져 준비해 주세요.', '피클도 잘게 다진 뒤 키친타월에 올려 물기를 빼주세요.\n피클은 물기가 많으면 샌드위치 속이 묽어질 수 있어서\n물기를 한번 꾹 눌러 빼주는 게 좋아요.', '베이컨은 가늘게 채 썰어 팬에 바삭하게 볶아주세요.\n따로 기름을 두르지 않아도 베이컨에서 기름이 나오기 때문에 노릇하게 볶아주면 돼요.\n다 볶은 베이컨은 키친타월에 올려 기름기를 빼고 한 김 식혀주세요.', '볼에 마요네즈 4큰술, 와사비 0.5작은술, 꿀 또는 올리고당 1큰술\n홀그레인 머스터드 1작은술, 소금 2꼬집과 후춧가루를 넣고 섞어주세요.', '여기에 삶은 계란 노른자를 체에 내려 넣거나 포크로 곱게 으깨 섞어주세요.\n노른자가 뭉치지 않도록 잘 풀어주면 소스와 부드럽게 섞여요', '잘게 다진 계란 흰자와 식혀둔 베이컨, 물기를 뺀 피클을 넣어 골고루 섞어주면\n맛있는 에그샌드위치 속이 완성돼요.', '식빵 한쪽 면에는 버터를 아주 얇게 발라주세요.\n버터가 없다면 마요네즈를 얇게 발라도 좋아요.\n에그샌드위치를 만들어 바로 먹지 않고\n조금 두었다가 먹는 경우 식빵에 버터를 발라주는데요.\n이렇게 해두면 계란 속의 수분이 빵에 바로 스며드는 것을 줄일 수 있어\n시간이 지나도 빵이 쉽게 눅눅해지지 않아요.', '식빵 위에 완성된 계란 속을 넉넉하게 올려주세요.\n저는 속재료를 아낌없이 넣어 도톰하게 만들어 먹는 걸 좋아해서\n수북하게 올린 뒤 윗면을 살짝 평평하게 정리해 줬어요.\n속재료의 양은 취향에 맞게 조절해 주세요.', '랩으로 단단하게 감싸 5분 정도 두었다가 잘라주세요.\n잠시 두었다가 자르면 속재료가 조금 자리를 잡아줘서 자를 때 덜 흐트러져요.', '속을 푸짐하게 채우니 반쪽만 먹어도 든든했어요.\n베이컨의 고소한 맛에 피클의 새콤함,\n와사비의 은은한 알싸함이 더해져 느끼하지 않고 맛있게 먹었어요.\n아침 식사로 준비해도 좋고, 출출할 때 간식처럼 먹기에도 좋은 에그샌드위치예요.\n계란샐러드에 와사비를 조금 넣어 색다르게 만들어보고 싶다면 이렇게 만들어보세요.']","['에그샌드위치레시피', '달걀샌드위치레시피', '에그샌드위치만드는법', '달걀샌드위치만드는법', '달걀요리', '샌드위치레시피']","['2~4장', '5개', '3줄', '1큰술', '4큰술', '1/2작은술', '또는 올리고당', '1작은술', '2꼬집', '약간', '또는 마요네즈']"
66,양념/잼/소스,,,,"떡꼬치 만들기, 아이간식으로 좋은 안 매운 떡꼬치 소스 레시피",https://www.10000recipe.com/recipe/7075639,653,몽글쿡,3인분,10분 이내,아무나,"['떡볶이떡5개씩 꼬치 6개 분량', '식용유', '구매', '\u200b 케첩', '고추장', '간장', '올리고당', '설탕', '물']","아이가 간식으로 떡꼬치가 먹고 싶다고 해서 떡 한 팩 사 와서 만들어줬어요.
겉은 바삭하고 속은 쫀득쫀득한 떡에 새콤달콤한 소스까지 더해지니
추억의 분식 느낌이 제대로 났어요.
매운 걸 잘 못 먹는 아이를 위해 고추장은 아주 소량만 넣어 안 맵게 만들었더니
부담 없이 맛있게 잘 먹더라고요.
집에서 10분이면 간단하게 만들 수 있는
학교 앞 분식 스타일 떡꼬치 레시피 지금부터 소개할게요.","['떡이 말랑하다면 그대로 사용해도 괜찮아요.\n딱딱한 떡은 끓는 물에 살짝 데쳐 말랑하게 만든 뒤 찬물에 헹궈주세요.\n이후 물기를 완전히 제거해야 해요.\n물기가 남아 있으면 기름에 구울 때 튈 수 있어요.\n떡이 손에 달라붙어 꼬치에 끼우기 어렵다면\n손에 식용유를 살짝 바른 뒤 작업하면 훨씬 편해요.\n나무 꼬치에 떡을 4~5개씩 나란히 끼워주세요.', '볼에 케첩, 고추장, 간장, 올리고당, 설탕, 물을 모두 넣고 잘 섞어주세요.\n맵기나 단맛은 기호에 따라 조금씩 조절해도 좋아요.', '팬에 식용유 2~3큰술을 두르고 중불에서 예열해 주세요.\n떡을 앞뒤로 노릇노릇하게 굽다가 하얗게 부풀어 오를 때까지 튀기듯 구워주세요.\n겉은 바삭해야 소스를 발라도 눅눅해지지 않고 더 맛있어요.', '떡을 구운 팬에 남은 기름을 살짝 활용해 소스를 넣고 30초 ~ 1분 정도 살짝 끓여주세요.\n소스가 한 번 끓으면 맛이 더 진해지고 떡에도 잘 달라붙어요.\n잘 구워진 떡에 준비한 소스를 앞뒤로 듬뿍 발라주세요.\n새콤달콤한 소스가 쫀득한 떡과 정말 잘 어울려요.', '학교 앞에서 사 먹던 추억의 새콤달콤 떡꼬치 완성이에요.\n맵지 않게 만들어 아이들 간식으로도 부담 없고,\n어른들에게는 추억의 분식 간식으로 딱 좋더라고요.\n떡 한 팩만 있으면 금방 만들 수 있으니 오늘 아이 간식으로 어떠세요?']","['떡꼬치만들기', '떡꼬치레시피', '떡꼬치소스만들기', '떡꼬치양념만들기', '떡꼬치양념', '안매운떡꼬치소스', '옛날떡꼬치소스', '안매운떡꼬치양념', '안매운떡꼬치만드는법']","['5개씩 꼬치 6개 분량', '2~3큰술', '6개', '3큰술', '0.3~0.5큰술', '1/2큰술', '1.5큰술', '1/2큰술', '1~2큰술']"
67,양념/잼/소스,,,,"10분이면 Ok, 칼로리 걱정 없는 두부 마요네즈 만들기!",https://www.10000recipe.com/recipe/6960619,"26,598",맘스쿠킹다이어리,6인분 이상,10분 이내,아무나,"['두부', '레몬즙', '올리브오일', '소금']","오늘은 칼로리와 느끼함은 Down, 고소함과 담백함은 Up! 시킨 두부 마요네즈를 만들어 보겠습니다. :)","['먼저 두부는 4등분 하여 끓는 물에 2분 정도 데쳐 주세요.\n두부\n냄비\n,\n체\n,\n칼\n,\n도마', '그리고 블렌더에 데친 두부, 레몬즙 4큰술, 소금 1/2 티스푼을 넣고 갈아줍니다.\n두부, 레몬즙, 소금\n블렌더', '시원하게 갈아준 후 올리브오일 5큰술을 2번에 나눠 넣고 곱게 갈아주면 완성입니다.\n올리브오일을 한 번에 넣게 되면 잘 섞이지 않기 때문에 2.5큰술 넣고 한 번 갈아주고, 2.5 큰술 넣고 또 한 번 갈아주세요. :)']","['마요네즈', '두부마요네즈', '수제마요네즈', '저칼로리마요네즈', '다이어트', '다이어트마요네즈', '다이어트소스', '두부요리', '두부']","['200g', '4큰술', '5큰술', '1/2티스푼']"
68,양념/잼/소스,,,,부드러운 크림 카레,https://www.10000recipe.com/recipe/6904203,"33,485",제줌마,2인분,30분 이내,초급,"['카레', '우유', '스팸또는 베이컨', '달걀', '마늘', '양파']",너무 부드러워 입안에서 살살 녹는 카레 보신적 있으신가요!?,"['마늘 꽁다리를 잘라내 주신후 다지지말고 으깨주세요.', '양파는 작은 네모 모양으로 다져주듯이 잘라줄게요.', '햄도 양파와 같은 네모모양으로 다져주듯이 잘라주세요.\n베이컨으로 대체 하셔도 됩니다.', '팬에 올리브오일 혹은 식용유를 두르고 빻아놓은 마늘을 볶아주세요.', '마늘 향이 올라오면 양파를 넣고 볶아주세요.', '그 후, 햄도 넣어 볶아주세요.', '재료들이 갈색으로 변하면 우유 200ml를 넣어줄게요', '우유가 끓기 시작하면 카레를 넣고 끓여주세요.\n4인분 기준 가루 카레를 넣으실경우 반만 사용해주시면 되요.', '물을 살짝넣어 카레의 농도를 맞춰줄게요.', '달걀 4개를 깨서 소금 한꼬집을 넣어 풀어주세요.', '풀어놓은 달걀에 우유 두스푼을 넣고 다시한번 풀어주세요.', '기름을 두른 다른 팬에 달걀을 넣고 스크램블 해주세요.\n다익은 스크램블이 아닌 약간 몽골몽골해질때 까지만 해주세요. 바닥을 긁었을때 바닥이 보이는 정도로만 해주시면 됩니다.', '그릇에 밥을 담고 카레를 얹어주시고 부드러운 스크램블을 카레위에 이불을 덮어주듯이 올려주세요.\n파슬리로 마무리해주면 완성입니다!']","['카레', '다이어트', '양파', '햄', '스팸', '베이컨', '우유', '초간단', '크림카레', '일본카레']","['1/2개', '200ml', '또는 베이컨', '4개', '4쪽', '1/2개']"
69,양념/잼/소스,,,,[간단 자취요리] 저장식량! 스팸 참치 후리가케 만들기,https://www.10000recipe.com/recipe/6872122,"22,582",얌무,4인분,30분 이내,아무나,"['스팸큰캔', '참치작은캔', '소금']","안녕하세요 여러분들!!
오늘은 스팸참치 후리가케를 만들었습니다!
후리가케는 다들 아시죠? 밥에 비벼먹는 가루인데요~
한국 제품으로는 '밥이랑' , '밥친구' , '보크라이스' 정도가 있겠네요.
제가 만든 스팸 참치 후리가케는 시판 제품들과 비교하면,
훨씬 더 고기고기한 맛이 많이 나고, 고기향이 진해요!
한번에 만들어두시고 밀폐용기에 넣고 냉장보관하세요.
밥에 2~3숟가락 정도 넣고 비벼드시면 됩니다 (취향껏 조절)","['먼저 스팸을 잘게 다져줍니다.', '참치도 기름을 모두 빼주세요.', '먼저 햄을 넣고 달달 볶아주세요.\n색이 나면 약불로 달달 볶아주세요.', '참치도 같은 방법으로 수분을 날려줍니다.', '봉지에 모두 넣고 소금간을 해주세요! 흔들고 비비면서 섞어주세요.', '이렇게 만들어두고, 먹을 때 마다 밥에 비벼드세요.']","['얌무', '스팸참치후리가케', '자취요리', '간단요리', '스팸', '참치']","['큰캔', '작은캔', '1/3T']"
70,양념/잼/소스,,,,초간단 순두부요리 달래양념장~이렇게 맛있을수가?,https://www.10000recipe.com/recipe/6866362,"72,872",팬이맘,4인분,10분 이내,아무나,"['순두부', '달래', '고춧가루', '진간장', '깨소금', '매실청', '참기름']","초간단 순두부요리~
달래양념장 올리니 비주얼 확 사네요.
​보들보들 부드러운 순두부.
순두부의 고소한 느낌에
알싸한 달래 향이 묻어나면
초간단 그야말로 행복해지는 맛이랍니다.","['순두부 도마에 올리고 3등분 하고\n다시 반으로 잘라주면\n순두부가 총 6개가 나온답니다.', '순두부 껍질 벗기고\n접시에 담아주고요.\n전자레인지에 그대로 넣고\n따끈하게 2분 돌려줬어요.\n전자레인지', '달래는 쫑쫑 썰어 그릇에 담아두고요.', '고춧가루 2큰술,', '진간장 3큰술', '깨소금 1큰술,', '참기름 1큰술,', '매실청 0.5큰술\n그릇에 모두 넣고 섞으면\n달래양념장은 완성입니다.\n단맛이 싫으시면 매실청은 빼셔도 되고요.\n심심하게 드시려면 간장 조금 덜어내고요,', '뜨근한 순두부\n접시에 담아내고요.', '달래양념장 올려서 마무리!!']","['순두부요리', '순두부샐러드', '순두부', '달래양념장', '초간단안주', '혼술안주', '순두부반찬', '간단반찬']","['1봉지', '1/2묶음', '2큰술', '3큰술', '1큰술', '0.5큰술', '1큰술']"
71,양념/잼/소스,,,,참치쌈장...,https://www.10000recipe.com/recipe/7017867,"2,791",행복한미야미니맘,4인분,30분 이내,아무나,"['캔참치', '양파', '대파', '청양고추', '생수', '된장', '고추장', '고추가루', '마늘', '참기름', '설탕', '통깨']",백종원남 레시피로 참치쌈장 만들었어요. 알배추에 얹어먹으니 정말 맛았어서 소개해드립니다.,"['양파.대파.청양고추는 잘게 썰어요.\n도마\n,\n조리용나이프', '참치는 기름을 빼요 .\n체망', '팬에 기름을 두르고\n볶음팬\n,\n요리스푼', '양파.대파 넣고', '볶아요.', '양파가 투명해지면', '물 100ml를 부어요.', '바글바글 끓으면', '마늘 1큰술.고추가루 1큰술.설탕 1작은술을 넣어요.', '저어가며 끓이다', '참치.청양고추를 넣어요.', '골고루 섞어주고', '고추장 2큰술.된장2큰술을 넣어', '잘 섞어가며 끓여요.', '재료가 잘 어우러지고 자작해지면', '참기름 1큰술.통깨 넣어 마무리해요.']",['참치쌈장'],"['1개', '1/2개', '1대', '2개', '100ml', '2큰술', '2큰술', '1큰술', '1큰술', '1큰술', '1작은술', '']"
72,양념/잼/소스,,,,[사랑파워 블로그][집밥백선생3] 백종원 참치맛나니 만들기!,https://www.10000recipe.com/recipe/6941177,"6,159",사랑파워,6인분 이상,20분 이내,초급,"['캔 통조림 참치', '다진양파', '진 간장', '간 마늘', '깨소금', '설탕', '참기름']","추석이나 설 명절 또는 제사가 끝나고 난 뒤 남은 나물에 밥 비벼 먹을 때
비빔밥의 맛을 한층 더 업그레이드해주는
식당에서 사 먹는 비빔밥의 맛을 느끼게 해주는 비법!!
맛나니입니다!!
※처음 만들어 보시는 경우 반드시 레시피 양 대로 따라 만들어 보신 후 각자 취향에 따라 재료의 양을 변경하시면 됩니다~","['참치 캔 1개를 준비합니다', '팬에 바로 넣어주세요\n통조림 기름까지 다 넣어주시면 됩니다~', '다진 양파 1컵 준비합니다', '진 간장 1/3컵 준비합니다\n저는 만능맛간장 사용했습니다. 만능맛간장은 하루빨리 만들어 보세요 맛의 깊이가 한층 깊어진답니다. 맛나니가 2배정도 맛있어집니다!!\n제 레시피 보시면 만능맛간장 만드는 방법 있답니다~', '준비한 재료를 팬에 다 넣으시고\n간 마늘 1숟갈 넣어줍니다', '깨 소금 1숟갈 넣어줍니다\n깨 소금은 깨를 곱게 빻은 것입니다. 깨랑 소금이랑 섞은 거 아닙니다!!', '설탕 1숟갈 넣어줍니다', '정말 간단한 게 재료를 다 넣고 난 후 불을 켜주세요\n혹시나 빨간 빛깔의 맛나니를 원하신다면 고춧가루도 1숟갈 넣으셔도 됩니다.\n고춧가루를 넣으실 경우 고춧가루가 물을 흡수하기 때문에 물을 좀 더 넣어주셔야 해요~\n안 그러면 탑니다', '수분이 날아갈 때까지 볶아 주세요\n볶으실 때 커다란 참치는 으깨어서 잘게 부숴주세요!!\n나중에 먹을 때 큰 게 씹히니까 좀 짠맛이 강했습니다', '참치가 포슬포슬 해 질 때까지만 볶아줍니다', '그리고 마무리로 참기름 둘러줍니다', '참치맛나니 완성!!', '비빔밥에 넣어서 먹으면 예술입니다!', '참치맛나니 1숟갈에 김가루 마요네즈(취향껏) 넣어서 드시면 참치마요 완성!!']","['집밥백선생', '참치맛나니', '집밥']","['1캔', '1컵', '1/3컵', '1숟갈', '1숟갈', '1숟갈', '취향껏']"
73,양식,,,,다이어트 식단 단호박 닭안심 그라탕(에프버전),https://www.10000recipe.com/recipe/7078980,904,얌얌쿡,1인분,20분 이내,초급,"['찐단호박', '닭안심', '양파', '소금', '후추', '다진마늘', '모짜렐라치즈']","에어프라이기로 간단하게 만드는 단호박 닭안심 그라탕!
우유 없는 버전! 다이어트식단으로 부담적지만 포만감있고 맛있게 즐겨봐요","['단호박은 전자레인지 용기에 담아 7분 쪄줍니다', '찐 단호박은 한김 식힌 후 껍질을 벗기고 적당한 크기로 잘라줍니다', '올리브오일 두른 팬에 다진마늘, 양파를 넣고 볶아주세요', '마늘과 양파향이 은은하게 올라오면 미리 잘라둔 닭안심을 넣고 노릇해질 때까지 볶아줍니다', '에어프라이기, 오븐용 그릇에 단호박과 볶은 닭안심을 넣어주세요', '위로 모짜렐라 치즈를 뿌리고 에어프라이기 180도 8분 돌려주세요.']","['다이어트식단', '다이어트레시피', '다이어트간편요리', '단호박요리', '단호박그라탕', '닭안심요리', '단호박닭안심그라탕']","['250g', '160g', '1/2개', '1꼬집', '약간', '1T', '75g']"
74,양식,,,,양배추 오믈렛/다이어트 식단,https://www.10000recipe.com/recipe/7035406,"5,717",잔근육,1인분,15분 이내,초급,"['채썬 양배추', '계란', '소금', '후추', '모짜렐라치즈', '스리라차소스선택재료']",양배추 요리는 칼로리가 낮고 식이섬유가 많아 포만감이 좋 아 한 끼로 든든합니다.담백한 양배추 오믈렛에 스리라차 소 스를 곁들려 살짝 매콤함을 더했어요.,"['양배추는 채썰어 깨끗히 씻어 물기를 제거합니다.\n도마\n,\n조리용나이프\n,\n볼\n,\n채반', '볼에 채썬 양배추2줌, 계란2개,소금2꼬집,후추 톡톡 넣고 밑간합니다.\n볼\n,\n요리젓가락', '잘 섞어 양배추 반죽을 만들어줍니다.', '예열된 팬에 오일 두르고 중약불에서 양배추 반죽을 올립니다.\n프라이팬', '아랫면이 익으면 뒤집어줍니다.\n뒤집개', '모짜렐라치즈를 올립니다.', '반으로 접어 앞,뒤로 노릇 노릇 구워주면 양배추 오믈 렛 완성입니다.', '접시에 두툼한 양배추 오믈 렛 담고 스리라차 소스 뿌려 마무리합니다.소스는 취향에 따라 준비합니다.\n접시', '쭉~늘어나는 치즈로 먹는 재미도 있어요.', '계란,치즈의 고소함과 아삭한 양배추가 듬뿍 들어 푸짐하고 든든해요.']","['양배추오믈렛', '양배추요리', '다이어트식단', '양배추계란요맂.건강식단', '다이어트레시피', '한끼식단', '다이어트양배추요리']","['2줌', '2개', '1꼬집', '톡톡', '60g', '선택재료']"
75,양식,,,,"부드러운 목살 스테이크, 남편이 반한 황금 레시피 !",https://www.10000recipe.com/recipe/7077372,"1,182",homedabok,3인분,30분 이내,초급,"['돼지고기 목살', '후추', '올리브 오일', '양파', '새송이 버섯', '진간장', '케찹', '굴소스', '올리고당', '설탕', '다진 마늘', '버터']","코코에서 목살을 구매했는데, 2인이 먹기에 정말 너무 많더라구요,,ㅎㅎ
냉동 보관 해 놨었는데 뭘 만들면 좋을까 고민하다가 목살 스테이크로 당첨 !
남편한테 처음 해줬는데, 정말 계속 감탄하면서 먹어서 얼마나 뿌듯했는지 몰라요 ㅎㅎㅎ
그 비법, 만개의 레시피에 첫 요리로 등록해 볼게요 :-)","['냉장 보관한 목살은 바로 사용해 주시고, 냉동 보관했다면 하루 전 냉장실로 옮겨 해동해 주세요.\n키친타월로 앞뒤를 여러 번 꾹꾹 눌러 핏물을 제거하면 돼지고기 잡내를 줄이고 더욱 깔끔한 맛을 즐길 수 있어요.', '핏물을 제거한 목살을 도마 위에 올린 뒤, 칼등으로 얖뒤를 여러 번 두드려 주세요.\n힘줄이 뭉쳐 단단한 부분을 중심으로 두드리면 육질이 한결 부드러워지고,\n칼집 사이로 소스도 더 잘 배어들어 맛있게 즐길 수 있답니다.', '칼집을 낸 목살 앞뒤에 올리브 오일과 후추를 골고루 뿌린 뒤, 잘 스며들도록 가볍게 문질러 주세요.\n이후 15분 정도 그대로 두어 밑간이 배도록 해주세요.\n그동안 양파와 새송이버섯은 먹기 좋게 썰어 준비해 주세요.\n(당근 등을 추가하셔도 좋아요)', '달군 프라이팬에 오일을 두르고 목살을 올려 강불에서 구워 주세요.\n윗면에 핏물이 올라오기 시작하면 뒤집어 1분 정도 더 구운 뒤, 중불로 줄여 앞뒤를 30초~1분 정도씩 추가로 익혀 주세요.\n겉은 노릇하고 속은 촉촉하게 완성됩니다.', '다 익은 목살은 따로 덜어두고, 목살을 구운 팬에 올리브오일을 약간 더 둘러 주세요.\n팬에 남은 육즙과 함께 양파, 새송이버섯을 노릇하게 볶아줍니다.', '볶아둔 양파와 새송이버섯에 준비한 소스를 붓고, 한 번 보글보글 끓을 때까지 중불로 끓여 주세요.', '소스가 보글보글 끓어 오르면 버터 25g을 넣어 주세요.\n버터가 녹으면서 훨씬 깊고 고소한 풍미를 느낄 수 있답니다.', '따로 덜어둔 목살을 먹기 좋은 크기로 썬 뒤 접시에 담고,\n완성된 소스를 듬뿍 부어 주세요.\n밥과 함께 먹어도 좋고, 반숙 달걀 프라이와 샐러드를 곁들여도 맛있답니다.\n그럼 오늘도 맛있게 드세요 :-)']","['목살', '돼지고기', '집밥', '저녁메뉴', '손님초대', '고단백', '영양식', '목살스테이크', '목살요리']","['750g', '약간', '약간', '1/2개', '1개', '9T', '15T', '3T', '6T', '5T', '1.5T', '25g']"
76,양식,,,,양배추오믈렛..,https://www.10000recipe.com/recipe/6997077,"38,866",행복한미야미니맘,1인분,5분 이내,아무나,"['계란', '양배추', '소금', '모짜렐라치즈', '카놀라유', '케찹']","간단하게 한끼식사로 먹을수 있는 양배추오믈렛...
담백한게 맛있어요.","['계란 3개에 소금 두꼬집을 넣어 풀어요.', '양배추는 가늘게 채 썰어\n계란물에 넣어 섞어요.', '달궈진팬에 카놀라유 두르고\n영배추반죽물을 넣고\n모짜렐라치즈를 솔솔 뿌려요.', '아랫면이 익으면 반으로 접어\n약불에서 치즈가 녹을때까지 기다려요.', '치즈가 녹으면 접시에 담고', '케첩을 뿌려주면', '완성 ~!']","['양배추오믈렛', '다이어트']","['3개', '1줌', '2꼬집', '적당량', '적당량', '적당량']"
77,양식,,,,시금치 오일 파스타 레시피,https://www.10000recipe.com/recipe/7042590,"5,864",yaongkitchen,2인분,30분 이내,초급,"['시금치', '새우중', '방울토마토', '통마늘', '파스타면500원 동전 크기', '소금', '후추', '참치액', '올리브유']",비타민과 식이섬유가 풍부한 시금치를 건강하고 맛있게 먹을 수 있는 요리를 고민하다가 만든 온 가족이 맛있게 먹을 수 있는 시금치 오일 파스타입니다.,"['냉동새우는 잘 씻어서 키친타올로 물기를 제거하고 소금, 후추로 간해서 재워주세요.\n키친타올\n새우 손질법', '통마늘은 편 썰어주세요. (마늘 좋아해서 많이 넣었어요:))\n도마\n,\n조리용나이프\n통마늘 손질법', '방울토마토도 반으로 잘라서 준비해주세요.\n방울토마토 손질법', '냄비에 물을 넣고 소금과 오일 두 방울 넣고 끓으면 파스타 면을 넣고 7분간 익혀주세요.\n냄비\n,\n요리집게', '팬에 올리브유를 넉넉히 두르고 편 썬 마늘을 넣고 노릇노릇 익혀 주세요.\n프라이팬\n,\n요리스푼', '재워준 새우를 넣고 익혀주세요.', '파스타 면과 면수 한 국자 넣어서 볶아 주세요.\n국자', '참치액 1.5T를 넣고 간을 맞춰 주세요.', '반으로 썰어둔 토마토를 넣어주세요.', '불을 끄고 다듬어둔 시금치를 넣고 살짝만 익혀주세요.']","['시금치', '시금치요리', '시듬치파스타', '오일파스타', '건강밥상', '시금치효능']","['1/3단', '중', '1줌', '1줌', '500원 동전 크기', '1T', '톡톡톡', '1.5T', '넉넉히']"
78,양식,,,,영화속요리 10탄 줄리앤줄리아 속 크림소스 치킨스테이크,https://www.10000recipe.com/recipe/6876875,"145,832",포레스트키친,1인분,30분 이내,아무나,"['닭가슴살', '올리브유', '파슬리', '양파', '버터', '우유', '전분가루', '소금', '후춧가루', '치킨스톡생략가능']","안녕하세요 이번에 도전한 요리는 줄리앤줄리아에 나오는 요리에요
이번 시즌때는 줄리앤줄리아에 나온 요리들이 많이 나오는데요
제가 딱 좋아하는 요리들이 이 영화에 많이 등장하기 때문이에요
이번에 도전한 요리는 크림소스 치킨스테이크인데요
다이어트용으로 사논 닭가슴살을 이용했구요
쉽게 만들 수 있는 크림소스 레시피로 집에서도 즐기기 편하실거에요","['★양파 볶기\n버터를 녹인 후라이팬에 양파를 볶아주세요', '★소스만들기\n양파가 투명해지면 우유와 전분가루, 치킨스톡, 후추, 소금을 넣고 졸여주세요', '★닭가슴살 굽기\n다른 후라이팬에 올리브유를 두르고 닭가슴살을 앞뒤로 구워주세요', '★완성\n접시에 닭가슴살을 담고 소스를 올리고 파슬리를 뿌려주면 완성']","['닭', '닭가슴살', '영화속요리', '영화속음식', '닭가슴살스테이크', '닭가슴살요리', '크림소스', '크림소스재료', '닭가슴살치킨', '치킨스테이크']","['2조각', '적당히', '약간', '1/2개', '1스푼', '1컵', '2스푼', '약간', '약간', '생략가능']"
79,양식,,,,<다이어트 건강식>초간단 두부 치즈 그라탕!!,https://www.10000recipe.com/recipe/7046139,"13,797",바이너스,1인분,10분 이내,아무나,"['두부', '모짜렐라 치즈', '토마토파스타소스', '양파']","*단백질 가득한 초간단 레시피!!!
*불 없이 전자레인지로 간편하게 요리!!!
*고급진 맛에 너무 맛있어서 다이어트 중이라도 행복한 식사 가능!!!
강추해요^^","['두부 반모를 잘라서 흐르는 물에 씻어 놓기.', '물기 제거 후 넓은 그릇( 평소 국수 담는 크기 그릇)에 담아 포크로 두부 으깨기.\n면기\n,\n포크', '양파 반개를 잘게 썰어서 으깬 두부 위에 올려준다.\n도마\n,\n조리용나이프', '토마토 파스타 소스 5스푼을 골고루 발라준다. (저는 오뚜기 토마토 파스타 소스를 사용 했어요!/ 시중에 파는 토마토 소스는 기본 소금, 후추 간이 되어 있어서 따로 간을 하지 않아도 됨! 혹시 100% 토마토 퓨레를 사용할 경우 후추와 소금 한 꼬집씩 넣기!)', '그 위에 모짜렐라 치즈(70g)를 골고루 뿌려준다. (기호에 따라 더 넣으셔도 되세요.)', '랩을 씌운 후, 포크로 듬성듬성 3~4번 찔러서 전자레인지에 5분 돌려준다.\n위생랩\n,\n포크\n,\n전자레인지', ""초간단 영양만점 '두부 치즈 그라탕' 완성!!!""]","['두부치즈그라탕', '두부', '모짜렐라치즈', '두부그라탕', '다이어트식단', '다이어트레시피', '초간단레시피', '저혈당식사', '바이너스', '단백질', '다이어트', 'bynus', '만개의레시피바이너스']","['1/2모', '70g', '5T', '1/2개']"
80,양식,,,,눈사람 함박스테이크 감자샐러드로 홈파티 음식 다진 돼지고기로 간단하게,https://www.10000recipe.com/recipe/7041117,"6,555",열려라쿡,2인분,30분 이내,초급,"['돼지고기 다짐육', '소고기 다짐육', '양파볶은 다진 양파', '빵가루', '간장', '케첩', '달걀', '소금', '후추', '물', '양송이버섯', '양파', '버터', '간장', '설탕', '케첩', '물', '감자삶은 감자', '마요네즈', '파마산치즈가루', '체다치즈', '김', '당근', '검은깨']",홈파티 음식으로 즐기기 좋은 눈사람 함박스테이크를 소개 드려요. 소고기 다짐육과 돼지고기 다짐육을 함께 넣고 동그랗게 빚어 함박스테이크를 만들고 달짝지근한 스테이크 소스까지~~(다진 돼지고기만 이용하여도 괜찮음) 연말 파티 분위기를 내기 위해 감자샐러드를 활용 눈사람을 만들어 함박스테이크 위로 올려보았어요. ​,"['돼지고기 다짐육 200g , 소고기 다짐육 200g에 볶은 다진 양파 2T, 빵가루 2T, 간장 1T, 케첩 1T, 달걀 1개, 소금, 후추 조금 넣고.\n볼\n,\n계량스푼\n양파는 잘게 썰어 기름 두른 팬에 카라멜라이징될때까지 볶아 넣음.', '찰기가 생길 때까지 충분히 치대가며 섞어주세요.', '반죽이 만들어지면 4등분으로 나눠 함박스테이크 모양대로 동그랗게 모양을 잡아주세요.\n접시', '예열된 팬에 식용유를 두르고 함박스테이크를 구워주세요.\n프라이팬', '겉면이 노릇해지면 불은 약불로 줄이고 물 1/3컵 넣고 뚜껑 닫아 수증기로 속까지 익혀주세요.\n뒤집개\n두께가 두껍다 보니 수증기로 익혀야 속까지 골고루 익힐 수 있어요.', '젓가락으로 찔러보고 핏물이 올라오지 않으면 잘 익었다는 뜻!!', '이번엔 함박스테이크 소스를 만들어 볼 차례. 양파와 양송이버섯을 준비해 적당한 크기로 썰어주세요.\n도마\n,\n조리용나이프', '함박스테이크 구웠던 팬 그대로 버터 20g을 넣고 녹여주세요.', '양파, 버섯 순서대로 넣고 달달 볶아주세요.\n요리스푼', '간장 1T(20g), 설탕 2.5T(40g), 케첩 3T(60g), 물 120g을 넣고 센 불에서 저어가며 끓여주세요.', '원하는 농도가 되었을 때 불을 꺼주세요. 식으면서 좀 더 걸쭉하게 변함.', '삶은 감자는 부드럽게 으깨주고.\n볼\n,\n매셔', '마요네즈 적당량 넣고 잘 섞어주세요.', '눈사람 모양에 맞춰 동그랗게 빚어주고 파마산 치즈가루를 골고루 묻혀주세요.', '김, 당근, 검은깨로 눈사람 얼굴을 표현해 주고 체다치즈로 흐르는 눈 모양으로 잘라주었어요.', '접시 위로 함박스테이크 소스를 붓고 함박스테이크를 올리고', '체다치즈를 올려준 후 눈사람 감자샐러드까지 올려주면 눈사람 함박스테이크 완성!!']","['함박스테이크', '홈파티', '스테이크소스', '감자샐러드', '손님초대요리']","['200g', '200g', '볶은 다진 양파', '2T', '1T', '1T', '1개', '조금', '조금', '1/3컵', '1줌', '1/2개', '20g', '1T', '2.5T', '3T', '120g', '삶은 감자', '적당량', '적당량', '4장', '조금', '조금', '조금']"
81,샐러드,,,,참외샐러드 만드는법,https://www.10000recipe.com/recipe/7081962,196,호수맘,4인분,20분 이내,아무나,"['블루베리', '요거트', '샐러드드레싱', '올리브유오일', '레몬즙', '꿀', '소금', '후추']","참외로 간단하고 맛있는 참외샐러드 만들어봤어요
참외의 달콤한 맛에 새콤한 드레싱이 더하면 입맛 살려주는 상큼한 샐러드가 완성됩니다.","['참에는 깨끗이 씻은뒤 껍질을 벗기고 반으로 잘라 씨를 제거해주세요.', '제거한씨는 채반에받처 과즙을 짜주세요\n과즙에 올리브오일2T/레몬즙 1T/꿀1T/소금한꼬집 /후추가루톡톡넣고 드레싱을만들어주세요', '시를 제거한 참외는 먹기 좋은 크기로 도톰하게 썰어 주세요\n한쪽은 요거트넣고 블루베리 올려주시고 다른한쪽은 드레싱를넣고 드셔보시면 참외의 두가지맛의셀러드를 드실수있습니다']","['참외샐러드', '참외요리', '참외레시피', '과일샐러드', '샐러드레시피']","['10알', '약간', '', '2T', '1T', '1T', '1꼬집', '약간']"
82,샐러드,,,,대패삼겹살 영양부추 샐러드,https://www.10000recipe.com/recipe/6828951,"243,825",푸름이맘혀니,2인분,30분 이내,초급,"['구매', '양파', '영양부추', '간장', '식초', '참기름', '다진 마늘', '설탕', '고춧가루', '소금', '후추']",영양부추샐러드는 보통 차돌박이를 많이 이용해서 샐러드를 만드는데요~ 대패삼결살을 이용해 만들어봤어요.,"['대패삼겹살에 소금, 후추로 간해주세요.', '영양부추는 3~4cm 정도의 길이로 잘라줍니다.', '양파 반개는 채썰어주고, 매운맛이 강하다면 찬물에 담궈 매운맛을 제거해주세요', '간장 3큰술, 식조 2큰술, 참기름 1큰술, 다진마늘 1큰술, 설탕 1큰술, 고춧가루 1작은술 넣고 잘 섞어줍니다.', '소금, 후추 간을 한 고기는 노릇노릇하게 구워줍니다.', '대패삼겹살에서 나오는 기름은 키친타올로 제거해주면서 구워주세요.', '썰어놓은 영양부추와 양파 그리고 드레싱을 뿌려 야채 먼저 버무려줍니다.', '다 버무려진 야채위에 잘 구워진 대패삼겹살 넣고', '남은 소스 한큰술정도 넣고', '다시한번 살짝 버무려 주면 완성입니다.']",[],"['', '', '', '3큰술', '2큰술', '1큰술', '1큰술', '1큰술', '1작은술', '', '']"
83,샐러드,,,,여름에 잘 어울리는 미역초샐러드! 와사비 넣어 더 상큼하게,https://www.10000recipe.com/recipe/6891823,"72,848",아름다울가,1인분,30분 이내,아무나,"['미역1인분', '오이', '양파작은것', '통깨', '간장', '물', '식초', '설탕', '연와사비', '냉동새우', '미림', '해물믹스']","여름이라 옷은 얇아지고 맛있는 건 먹고 싶고!
다이어트가 고민될 때 있으시죠?
이럴때 한끼 든든하게 먹을 수 있는 간단한 미역초샐러드 소개해요 간장드레싱에 와사비를 풀어 상큼하게 즐길 수 있는 샐러드랍니다","['오이는 굵은 소금을 발라 깨끗이 씻어주고 냉동새우살은 물에 담가 해동해주세요 미역은 자른 미역으로 준비해요', '양파는 최대한 얇게 썰어주시고\n오이는 반달모양으로 썰어주세요\n양파는 찬물+식초 두2~3방울에 담가 아린맛을 제거해주는게 좋습니다', '미역을 물에 불려줍니다', '해동한 냉동새우살은 맛술(미림)을 살짝 둘러주어 비린맛을 없애주세요', '새우살을 2~3분간 데쳐주고', '불린 미역도 2분 정도 데쳐\n찬물에 헹구워줍니다', '간장5스푼, 물 5스푼, 식초 3스푼, 설탕1스푼에 와사비를 취향껏 넣어 드레싱을 만들어 줍니다', '준비된 재료들을 한데 넣고\n드레싱을 부어가며 버무려주면 완성!\n접시에 낼땐 통깨를 뿌려주세요']","['미역요리', '미역초샐러드', '미역', '피부미용', '다이어트', '샐러드', '다이어트요리', '한끼대용']","['1인분', '1/2개', '작은것', '조금', '5스푼', '5스푼', '3스푼', '1스푼', '취향껏', '4-5마리', '1스푼', '적당량']"
84,샐러드,,,,♥[신혼밥상] 닭가슴살양배추말이,https://www.10000recipe.com/recipe/6913806,"84,089",행복한윤블리네,2인분,15분 이내,초급,"['닭가슴살통조림', '양배추', '당근', '오이', '칠리소스']","여름 휴가 대비!
칼로리는 다운↓ 배는 빵빵↑ 메뉴 추천
체중감량의 단골손님 '닭가슴살'
위를 보호해주는 '양배추'
포만감 가득한 '오이'랑 '당근'랑
s라인 만들기 프로젝트 돌입!
지금부터 건강식 다이어트레시피를 소개합니다.","['양배추, 당근, 오이를 깨끗하게 씻어주세요.\n파프리카나 양배추를 채썰어 사용해도 좋아요.\n즐겨먹는 야채 듬뿍듬뿍!', '양배추가 너무 흐물흐물 거리지 않도록\n약 7분~10분정도 쪄줍니다.\n아삭함이 조금 사라질 만큼 돌돌 잘 말릴 정도로만 찌기!', '양배추가 익는동안 오이랑 당근은 채를 썰어 준비.', '먹을 수 있는 만큼 양배추 잎을 한장한장 떼어주세요.\n남은 양배추는 된장에 밥이랑 싸드셔도 좋아요.\n일명 양배추쌈밥 추천!', '양배추 잎에 오이, 당근, 닭가슴살을 올려 돌돌돌 말아주세요.', '먹기 좋은 크기로 잘라주세요.', '요즘은 양배추가 달아서 그냥 드셔도 좋겠지만,\n야채만 먹기 거북하다면 칠리소스에 살짝 찍어 냠냠!\n모두 건강한 S라인 만들기 성공하세요 ♡~']","['신혼밥상', '다이어트', '다이어트메뉴', '양배추', '닭가슴살', '닭가슴살양배추', '칼로리낮은음식', '다이어트식단', '야채말이', '초간단레시피']","['1개', '1/4', '1개', '1개', '3스푼']"
85,샐러드,,,,연두부 샐러드,https://www.10000recipe.com/recipe/6842280,"253,750",가는동자꽃,4인분,5분 이내,아무나,"['연두부', '어린잎채소', '파프리카', '양파', '간장', '식초', '설탕', '다진마늘', '참기름', '통깨']","초간단 초스피드~ 레시피로 맛은 물론 비쥬얼도 최고~ 손님상에도 너무나 잘어울리는 연두부 샐러드.
눈도 입도 즐거운 연두부 샐러드 한번 드셔보시겠어요?? ^^","['연두부를 접시에 뒤집어 올려줍니다.', '어린잎채소나 새싹채소를 연두부위에 올려줍니다.', '분량의 양념장에 양파,파프리카를 다져넣고 연두부위에 뿌려주면 완성.']","['연두부샐러드', '연두부', '샐러드', '손님상', '집들이', '다이어트']","['1팩', '1/2줌', '약간', '약간', '2.5T', '1.5T', '1T', '1T', '1t', '약간']"
86,샐러드,,,,"차돌박이 참나물 샐러드 , 쉽고 간단하지만 폼나고 맛있다.",https://www.10000recipe.com/recipe/6841304,"98,023",달콤한꿀호떡,4인분,15분 이내,아무나,"['참나물', '차돌박이', '다진마늘', '참기름', '간장', '멸치액젓', '식초', '고춧가루', '설탕', '깨']","너무나 쉽고 간단하게 완성되는 차돌박이 참나물 샐러드
만드는 과정에 비해 모양새나 맛이 좋아 언제 만들어도 인기만점인 레시피 :)","['참나물은 최대한 찬물로 헹구듯 씻어\n채에 받쳐 물기를 빼준 뒤', '먹기좋은 크기로 썰어 준비한다.', '볼에 다진마늘 1스푼 , 간장2스푼 , 멸치액젓 1.5스푼 , 식초2스푼 , 참기름 2스푼 , 고춧가루 1스푼 , 설탕1스푼을 넣어 잘 섞어주고', '준비한 참나물을 섞어둔 양념에 넣어 뭉개지지 않도록 살살 버무려준다.', '버무린 참나물에 깨를 듬뿍 뿌려 준다.', '그릇에 담기 전 차돌박이를 팬에 바짝 구워 참나물과 함께 곁들여내기만 하면 끝 -', '완성된 차돌박이 참나물 샐러드 !\n( 사진은 완성된 음식의 절반만 담은 모습 )']","['참나물', '참나물무침', '참나물샐러드', '차돌박이', '차돌박이샐러드', '샐러드', '참나무차돌박이샐러드', '초간단']","['400g', '300g', '1스푼', '2스푼', '2스푼', '1.5스푼', '2스푼', '1스푼', '1스푼', '약간']"
87,샐러드,,,,초간단 오이만 있으면 완성~ 깨소금오이샐러드,https://www.10000recipe.com/recipe/7013219,"48,050",만개의레시피,1인분,10분 이내,아무나,"['오이', '깨소금', '고운소금', '참기름', '고춧가루', '후추']",간단하지만 감칠맛 가득! 시원 아삭해서 입맛 없을 때나 샐러드가 질릴 때 포만감 있게 먹기 좋을 메뉴~^^,"['깨소금 대신에 통깨를 사용해도 괜찮아요~^^', '오이는 필러로 껍질을 듬성듬성하게 잘라 준비해요.\n주방필러\n기호에 따라 껍질 제거 없이 사용해도 괜찮아요.', '오이를 도톰하게 1.5cm 두께로 잘라요.\n도마\n,\n조리용나이프', '가지런하게 접시에 담아요.\n완성접시', '분량의 재료들을 섞어 소스를 만들어요.\n소스볼\n,\n계량스푼', '소금이 모두 녹도록 잘 저어서 준비해주세요.', '접시에 담아둔 오이 위에 뿌려서 완성!', '간단하지만 포만감 가득해서 샐러드 대용으로도 좋아요~']","['깨소금오이샐러드', '오이샐러드']","['1개', '3숟가락', '1/2숟가락', '2숟가락', '약간', '약간']"
88,샐러드,,,,KFC도 울고갈 코울슬로 연말파티 사이드 메뉴로 최고,https://www.10000recipe.com/recipe/6994253,"5,278",븟린이,6인분 이상,15분 이내,아무나,"['양배추', '노란파프리카', '빨강파프리카', '양파', '옥수수캔', '마요네즈', '식초', '설탕', '레몬즙', '후추']","햄버거나 치킨을 먹으면 큰 아빠 숟가락으로 아낌없이 팍팍 퍼먹고 싶은 코울슬로!
연말파티 사이드 메뉴로도 최고의 메뉴예요
KFC에서 먹는 것과 정말 똑 닮았어요","['양배추를 옥수수 한 알 크기 정도로 다져주세요', '씨를 뺀 파프리카도 옥수수 한 알 크기 정도로 다져주세요\n양파도 같은 크기로 다져주세요\n어린이들이 먹을꺼 라면 양파만 찬물에 10분정도 담궈놨다가 물기를 털고 사용해주세요', '캔 옥수수는 채에 받쳐 물기를 모두 빼주세요\n물기가 남아있으면 완성 되었을 때 맛이 연해져요', '모든 재료를 볼에 넣어주세요', '준비된 소스 분량 (마요네즈 9큰술, 식초 2큰술, 설탕 3큰술, (생략가능) 레몬즙 1큰술) 을 섞어주세요\n설탕이 녹을 때까지 잘 섞어주셔야해요', '준비한 재료와 소스,\n후추도 톡톡톡톡 뿌려 섞어주세요', '완성입니다.\n모닝빵에 올려 먹어도 맛있고 연말 홈파티 고기와도 햄버거 치킨과도 잘 어울려 한번 만들때 이정도의 분량을 만들어 놓으면 활용하기에 너무 좋아요']","['홈파티', 'KFC', '코울슬로', '콘슬로우', '콘샐러드', '샐러드', '양배추', '치킨', '옥수수', '콘']","['1/4개', '1/2개', '1/2개', '1/2개', '2/3캔', '9큰술', '2큰술', '3큰술', '1큰술', '톡톡']"
89,스프,,,,감자스프 생크림없이도 맛있게 만들기,https://www.10000recipe.com/recipe/6974023,"45,559",아름다울가,1인분,60분 이내,초급,"['감자', '양파', '버터', '우유', '다진마늘', '소금', '후추', '식용유', '식빵']","싹난 감자 혹은 싹나기 직전의 감자 버리기 참 아깝죠!
감자스프를 만들면 감자를 한번에 많이 소진 할 수 있어요
생크림 없이 집에 있는 우유와 양파로 맛있게 만드는 방법 소개합니다 식빵까지 곁들이면 한끼 대용으로도 아주 든든해요","['전자레인지 가능용기에\n감자 두 개를 깍뚝 썰어 넣고\n물 3스푼과 소금 1티스푼을 넣고 섞어\n감자삶기 모드로 삶아주세요\n전자레인지\n전자레인지 사양마다 다르지만 평균 8분정도 삶아주면 적당해요', '익은 감자는 매셔나 국자를 이용해\n부숴주세요', '양파 반 개를 얇게 슬라이스 해주고', '식용유 살짝 두른 팬에 볶다가\n버터도 한 스푼 추가해주고', '노릇한 색이 나올 때까지 카라멜라이징해주세요', '핸드블렌더나 믹서기에\n으깬감자와 볶은 양파, 다진마늘 1/3스푼, 우유 1컵을 넣고 곱게 갈아줍니다', '냄비에 옮겨 우유를 추가해 농도를 조절하고 소금, 후추로 입맛에 맞게 간을 맞춰줍니다', '(선택재료) 식빵을 한입크기로 썰어준 후\n기름 없는 마른팬에 볶아 크루통을 만들어주세요', '볼에 스프를 담아주고\n크루통과 파슬리를 곁들여 완성해요!']","['감자요리', '감자스프', '양파요리', '싹난감자', '주말간식', '간식', '감자스프만들기', '생크림없이감자스프']","['2개', '1/2개', '1스푼', '1컵', '1/3스푼', '적당량', '적당량', '약간', '1장']"
90,스프,,,,패밀리레스토랑 부럽지 않은 홈스토랑 양송이수프!!,https://www.10000recipe.com/recipe/6859763,"219,157",만개의레시피,4인분,30분 이내,아무나,"['양송이버섯', '양파', '버터', '밀가루', '우유', '소금', '후추', '슬라이스치즈', '파슬리가루', '식빵']","양송이 듬뿍 양파 듬뿍 영양만점 수프
양껏 먹다가는 메인요리 먹기전에 배터질걸?!
세상의 모든 레시피 만개의레시피","['버섯 1/2분량은 잘게 다지고 1/2분량은 슬라이스한다.\n양송이버섯 6개', '양파는 잘게 다진다.\n양파 1/4개', '팬에 버터와 밀가루를 넣어 루를 만든다.\n밀가루 1T, 버터 1T\n팬', '다진 양파를 넣어 볶다가 양송이버섯을 넣어 볶는다.', '버섯이 반정도 익으면 우유를 붓고 치즈를 넣어 저으며 끓인다.\n우유 2cup, 슬라이스 치즈 1장', '한소끔 끓으면 소금과 후추로 간을 한다.\n소금 약간, 후추 약간\n소금은 기호에 따라 가감한다.', '그릇에 담아 준 후 식빵조각과(크루통) 파슬리가루를 올려 장식한다.\n파슬리가루 약간, 식빵 약간\n그릇']","['양송이수프', '수프', '양송이', '패밀리레스토랑', '홈스토랑', '전채요리']","['6개', '1/4개', '1T', '1T', '2컵', '약간', '약간', '1장', '약간', '약간']"
91,스프,,,,달달하고 고소한 고구마 스프 (With 크루통),https://www.10000recipe.com/recipe/6860668,"106,408",말랑이뽀,2인분,30분 이내,아무나,"['고구마(중)', '우유', '양파', '슬라이스 치즈', '소금', '버터', '물', '자투리 식빵', '버터']",요즘 고구마 제철이다 보니 여러가지 고구마 요리를 자주 해 먹는데요 그중에서 고구마 스프는 ​요즘처럼 쌀쌀한 날씨에 더욱 잘 어울리고 ​든든한 한 끼 식사 대용으로 딱이며 영양만점의 간식으로도 제격이랍니다.,"['고구마는 깨끗이 씻은 뒤 껍질을 벗기고 잘게 잘라 준 뒤 끓는 물에 10분간 삶아주세요.\n고구마 2개, 물\n냄비\n센불', '고구마를 삶는 동안 달군 후라이팬에 버터를 조금 넣은 뒤\n버터 조금\n후라이팬\n중불', '채 썬 양파를 넣고 갈색빛이 날 때까지 타지 않게 잘 볶아주세요.\n채썬 양파\n후라이팬\n,\n조리개\n중불', '삶은 고구마는 체에 밭쳐 물기를 제거한 뒤 한 김 식혀주고\n삶은 고구마, 볶은 양파\n믹서', '볶은 양파도 한 김 식혀준 후에 믹서기에 넣고 갈아주세요.\n삶은 고구마, 볶은 양파\n믹서', '이때 고구마와 양파가 잘 안 갈아지면\n준비해 놓은 우유를 같이 넣고 갈아주세요.\n저는 3 큰 술 넣었어요.\n우유 조금\n믹서', '잘 갈아진 고구마와 양파는 냄비에 담아서\n갈린 고구마와 양파\n냄비', '남은 우유를 다 붓어 준 뒤 고르게 섞어 준 후 약불에서 끓여주세요.\n우유\n약불', '끓기 시작하면 슬라이스 치즈 두장을 넣고 치즈가 녹을 때까지 고르게 저어주면서 바글바글 끓여주세요. 간을 보고 부족하다 싶으면 소금간 해주세요.\n슬라이스 치즈 2장, 소금약간\n약불', '그릇에 고구마 스프를 담고 자투리 식빵으로 만든 크루통을 얹어주면 고구마 스프 완성이에요.\n식빵 크루통은 달군 후라이팬에 버터를 두른 뒤\n약불 상태에서 식빵을 노릇노릇하게 볶아주면 됩니다.']","['고구마스프', '고구마요리', '스프요리', '고구마스프레시피', '간단한요리']","['2개', '200ml', '1/3개', '2장', '약간', '약간', '적당량', '적당량', '약간']"
92,스프,,,,캔옥수수를 활용한 고소한 '콘스프' 초간단 레시피,https://www.10000recipe.com/recipe/6906272,"73,811",뽀유TV,2인분,15분 이내,아무나,"['캔옥수수', '우유', '양파', '버터', '슬라이스치즈', '소금', '후추', '식빵', '파슬리가루']",평소 따뜻한 콘스프를 좋아하는데요! 캔옥수수를 활용해 고소한 콘스프 간단하게 만들어 보세요,"['양파는 얇게 채 썰어 달궈진 팬에 버터와 함께 달달달 볶아줍니다', '양파가 투명해지면 물기 뺀 캔옥수수도 같이 볶아 주세요', '방금 볶은 양파,옥수수에 우유를 넣고 갈아 줍니다.', '깔끔한 스프를 위해 체에 한번 걸러 줍니다.', '냄비에 끓여주시다가 어느정도 걸쭉해지면 슬라이스 치즈 한장을 녹여주세요. 부족한 간은 소금과 후추로 맞춰 주시면 끝!', '캔옥수수를 활용한 고소한 콘스프 완성이에요. 선택사항으로 파슬리가루 톡톡 뿌려주신 뒤 먹고 남은 식빵을 잘게 썰어 팬에 바싹 구워 크루통을 만들어 올려주심 더 맛있어 보입니다', '한입 먹어보니 고소름하면서 꼭 경양식 집에서 먹어본 스프맛이 나면서 맛있어요. 아침식사 대용이나 아이들 간식으로도 좋습니다.']","['콘스프', '옥수수스프', '스프', '캔옥수수', '간단한아침']","['1캔', '300ml', '1/4개', '1/2T', '1개', '약간', '약간', '약간', '톡톡']"
93,스프,,,,집에서 게살스프를? 중국식 달걀탕(계란탕) 만들기!,https://www.10000recipe.com/recipe/6882902,"276,408",남먀,2인분,30분 이내,초급,"['크래미5개입', '계란', '양파', '전분가루', '표고버섯', '팽이버섯', '대파', '진간장', '굴소스', '소금', '식용유']","요즘 정말 너무 춥네요 ㅠㅠ
집가면 뜨끈한 국물 요리만 생각나더라구요.
이번엔 중국식 달걀탕, 중국식 계란탕 만들어봤는데요~
게살은 없어서 크래미로 대체하고 전분넣어 걸~죽하게 만드니 게살스프 맛이 나더라구요!!
정말 맛있는 중국식 달걀탕(계란탕) 만드는 법 알려드릴게요","['먼저 파기름을 만들어 줄거예요.\n달궈진 냄비에 식용유 살짝 두르고 대파를 총총썰어 먼저 볶아주세요.', '대파가 어느정도 볶아지면\n양파 1/2개를 슬라이스해서 함께 볶아주세요.', '양파까지 다 볶아지면 표고버섯 한개 넣고\n진간장 1스푼, 굴소스 1스푼 넣어 한번 더 볶아주세요.', '표고버섯까지 어느정도 볶아지면 팽이버섯 넣어준뒤 한번 더 휙휙 볶기 !\n팽이버섯은 좀 꼬들하게 씹히는 식감이 좋아서\n볶는 단계 중에선 제일 마지막에 넣어주었어요~', '팽이버섯은 많이 볶지 않아도 괜찮아요 ;)\n양념이 골고루 묻을 정도로 볶아주시면 돼요.', '물 700ml 넣고 팔팔 끓여주세요~', '육수가 끓을동안 크래미를 잘게 찢어 준비해주세요.\n게살을 사용하면 진짜 게살스프마냥 맛있었겠지만\n게살이 없는 관계로 크래미 사용했어요!', '육수가 끓어오르면 크래미 투하~', '모자란 간은 소금으로!\n소금 요맨큼~ 넣어주었어요 ㅋㅋㅋㅋㅋㅋ', '중국식 달걀탕은 걸죽한 매력이 있지요.\n걸죽함은 전분물로 만들어줄건데요\n전분가루 2스푼 + 물 2스푼 넣고 잘 섞어 전분물 만들어주기!', '끓고 있는 중국식 달걀탕은 약불로 줄이고 전분물 넣어주시는데\n잘 저어주셔야해요.\n잘 저어주시지 않으면 전분이 덩어리 지거든요!', '계란은 2알 사용했어요.\n계란 톡 까서 잘 섞어 준비해주세요.', '팔팔 끓고 있을때 계란물 넣어줄거예요.', '계란물 넣고 불은 바로 꺼주세요.\n(★이게 진짜 꿀팁★)\n그래야 진짜 보들보들한 중국식 달걀탕이 만들어져요!!', '먹기좋은 그릇에 옮겨 담으면 끝 ;)\n중국음식 스멜이 솔솔 나는 중국식 달걀탕 완성입니다~~', '계란을 풀고 불을 바로 껐기때문에\n계란이 진짜 보들보들 ㅠㅠ\n게살인듯 게살아닌 크래미가 들어갔으나 어쨋든 자기도 게는 게라고\n게살스프 맛이 나요... ㅠㅠㅠㅠㅠ\n집에서 이거 가능한거였어 ㅠㅠㅠㅠㅠㅠㅠㅠㅠ\n후후 불어 입에 후루룩 넣으면 꼬독꼬독 씹히는 팽이버섯과 부드러운 계란, 게살 향이 어우러지면서\n몸이 스르륵 녹는...뭐..그런맛이예요.. !\n꼭 만들어보세요']",[],"['5개입', '2알', '1/2개', '2스푼', '1개', '1개', '1/2개', '1스푼', '1스푼', '0.3스푼', '1스푼']"
94,스프,,,,든든한 아침식사 감자 브로콜리 스프 (With 크루통),https://www.10000recipe.com/recipe/6855484,"127,712",말랑이뽀,4인분,30분 이내,아무나,"['데친 브로콜리', '감자', '양파', '우유', '버터', '슬라이스 치즈', '소금', '후추']","냉동실에 방치되어 있던 브로콜리가 생각나서
스프를 만들어 보았어요.","['브로콜리는 끓는 물에 소금을 약간 넣고 살짝 데친 다음 먹기 좋게 썰어 냉동실에 보관하는게 브로콜리 보관 방법이에요.', '감자는 깨끗이 씻은 후\n껍질을 벗긴 후 채 썰어 주세요.', '양파도 깨끗이 씻은 후 채 썰어 주세요.', '달군 후라이팬에 버터를 두른 뒤\n채 썬 감자와 양파를 어느 정도 익을 때까지 볶아주세요.', '믹서기에 브로콜리와 감자, 양파를 넣고 갈아주세요.\n잘 안 갈아지면 우유를 조금 넣고 갈아주세요.', '곱게 갈린 브로콜리와 감자, 양파를\n냄비에 옮긴 뒤', '중약불에서 우유를 붓고 잘 섞어 준 후', '슬라이스 치즈를 넣고 약 20분간 저어가며 끓여주세요.\n소금과 후추로 부족한 간을 맞춰주면\n감자 브로콜리 스프 완성이에요.']","['감자브로콜리스프', '브로콜리요리', '감자요리', '스프요리', '브로콜리스프', '간단한요리', '아침식사대용']","['200g', '1개', '1/2개', '400ml', '1T', '2장', '약간', '약간']"
95,스프,,,,#다이어트 식단#순두부,https://www.10000recipe.com/recipe/6923466,"45,240",심킹카,2인분,20분 이내,초급,"['순두부', '달래500원 동전크기', '고춧가루', '간장', '설탕', '올리고당', '식초', '다진마늘', '참기름', '통깨']","겨울철
뒤뚱뒤뚱 건강 빨간불!
사랑받자 이쁨받자 다이어트 돌입
첫날 초간단 단백질 섭취~ 순두부!","['순두부만 있으면 체중 ↓', '순두부를 냄비에 담아주세요.', '달래 500원 동전 둘레 정도 잡아 잘게잘게 썰어주세요.', '물 100~150ml을 붓고 보글보글 끓여주세요.', '다진 달래, 고춧가루 1스푼, 간장 4큰술, 식초 1큰술, 설탕 반스푼, 올리고당 1큰술, 참기름 반스푼, 통깨 적당히 양념장을 만들어 주세요.\n다진마늘 넣어도 맛있음!\n올리고당이 없다면 매실청 대체 가능!\n새콤달콤한 맛을 원하면 식초 in 오리지널 맛을 원하면 식초 생략!', '달래 양념장 살짝 타서 뜨끈뜨끈하게 드세요.']","['순두부', '순두부찌개', '다이어트', '다이어트식단', '달래', '달래양념장', '초간단양념장', '체중감량', '초간단', '10분레시피']","['1kg', '500원 동전크기', '1스푼', '4큰술', '1/2스푼', '1큰술', '1큰술', '1/2스푼', '약간', '적당히']"
96,스프,,,,완두콩 수프 건강한 한그릇,https://www.10000recipe.com/recipe/6931933,"12,717",순수해숍,2인분,30분 이내,아무나,"['감자', '양파', '우유', '완두콩', '소금', '후춧가루', '파르메산치즈가루']",완두콩수프입니다,"['재료: 감자1개,양파1/2개,우유400ml,완두콩1컵\n양념:소금0.3큰술,후춧가루약간\n선택재료:파르메산치즈가루1큰술', '완두콩1컵 ,우유400m가필요합니다.\n완두콩으로 콩국수도 만들어볼까합니다.\n먹어본적이 없어 맛이 궁금합니다.\n완두콩 구하기가 참어렵네요.', '감자와 양파는 한입크기로 썰어줍니다.', '중불에 올이브유 1큰술 두르고 감자,양파 양념 소금,후춧가루약간\n을 넣어 3분정도 볶아주세요.', '감자와 양파가 볶아지면 우유300ml, 완두콩을 넣어 3분정도 끓여줍니다.\n한 김 식혀주세요.', '한 김 식힌 다음 믹서에 곱게 갈아줍니다.', '중약불로 달군팬에 곱게 간 수프와 우유 100ml 넣어 3분정도\n끓여줍니다.', '그릇에 담아 줍니다.\n파르메산치즈가루있으면 뿌려주세요.\n없으면 생략해도됩니다.', '완두콩 수프완성']","['수프', '수프요리']","['1개', '1/2개', '400ml', '1컵', '0.3큰술', '약간', '1큰술']"
97,빵,,,,밀가루없는 감자빵,https://www.10000recipe.com/recipe/7082771,197,호수맘,4인분,30분 이내,아무나,"['감자큰것', '계란', '우유', '올리고당', '버터', '올리브', '물', '구매']","오늘은 집에 있는 감자로 밀가루 없는 감자빵을 만들어 봤어요.
간식으로 먹기에도 좋고 출출할 때 하나씩 먹기에 딱 좋답니다.","['감자는 껍질을 벗겨 잘게 잘라 주세요. 자른 감자는 물 1 큰술을 넣고 전자레인지에 4~5분 돌려주세요.', '익은 감자에 소금 한 꼬집과 가연 버터를 넣고 잘 으깨주세요. 감자가 조금씩 씹혀도 맛있어요.\n우유 2 큰술 올리고당 1 큰술 달걀 2개를 넣고 골고루 잘 섞어 주세요.', '치즈와 올리브/ 옥수수를 취향껏 넣고 한번 더 섞어 주세요. 전자레인지 용기에 오일을 잘 바르고 반죽을 부어 주세요.\n용기에 바닥을 통통 내리쳐 공기를 빼 주시고 반죽을 고르게 정리한 뒤 전자레인지에 3 ~4분 돌려주시면 완성입니다.']","['밀가루없는감자빵', '감자빵', '전자레인지에', '빵만들기', '간식', '다이어트']","['3개', '2개', '2T', '2T', '20g', '약간', '1T', '약간']"
98,빵,,,,훈제연어 베이글 샌드위치 (대파 크림치즈 만들기),https://www.10000recipe.com/recipe/7081989,240,빈티지홀릭,2인분,30분 이내,초급,"['훈제연어', '구매', '양파', '크림치즈', '다진대파', '소금', '후추']","홈브런치로 즐겨 본
뉴욕 스타일의
훈제연어 베이글 샌드위치를
만들어 보았습니다
한입 베어 먹으면
대파크림 치즈의 부드럽고 감칠맛과
훈제 연어의 짭쪼름 하면서
아삭,산뜻한 양파까지
전체적으로 풍미가 느껴집니다
그리고
통밀 베이글의 씹을수록 담백함과
고소함이 어우러져
브런치로 즐기니 제격!!!!!
​참고로
연어는
단백질과 오메가3가 풍부해서
여름철 원기보충에 좋다고 합니다
​","['냉장 보관한 크림치즈는\n미리 실온에 꺼내어\n20분 정도 두었다가\n대파를 넣으면 부드럽게 잘 섞입니다', '크림치즈에 대파를 넣는다\n나무스푼', '꿀,소금,후추를 넣고\n골고루 잘 섞는다\n작은볼', '훈제 연어에\n후추 조금\n소금 한꼬집 뿌려 놓는다\n※ 연어는 키친타올로\n물기를 한번 제거하면\n깔끔한 맛이 좋아요!\n접시', '베이글은 빵칼로 절반을 잘라 놓는다\n도마.빵칼', '에어프라이어 200℃에 6분 굽는다\n( 오븐이나 프라이팬에 노릇하게 구워도 됨)\n에어프라이어', '너무 오래 구우면 딱딱해지니\n노르스름 구워지면 바로 꺼내기', '얇게 슬라이스한 양파는\n찬물에 10분 정도 담갔다가\n물기 빼고 사용 한다', '열기를 식힌\n베이글 양쪽 단면에\n대파 크림치즈를 듬뿍 바른다\n(베이글이 뜨거우면 크림치즈가 녹아 내림)', '크림치즈 바른 베이글에\n훈제연어를 소복히 올리고\n양파를 토핑 한 후\n후추 살짝 뿌리고 빵 덮기 하면 완성\n접시', '훈제연어베이글 샌드위치 완성', '유산지나랩.호일로 감싸서\n반으로 자르면\n먹기 좋답니다\n랩']","['훈제연어베이글샌드위치', '홈브런치', '간식', '통밀베이글', '대파크림치즈', '홈메이드']","['150g', '2개', '1/2개', '130g', '2큰술', '약간', '약간']"
99,빵,,,,초간단 럭셔리요리@ 매콤참치퀘사디아,https://www.10000recipe.com/recipe/6846168,"174,005",kimkim,2인분,5분 이내,아무나,"['또띠아', '참치캔', '치즈', '양파', '청양고추', '토마토소스']","밖에서 사먹으려면 기본 2만원인 퀘사디아ㅠ
하지만 집에서 전자렌지로 초간단하면서도 더 맛나게 만들어먹을 수 있어요^.^","['참치캔, 햄, 양파, 치즈(취향대로), 토마토소스, 또띠아를 준비하고, 추가로 느끼함을 잡아주고 매콤함을 더해주기위해 청양고추도 준비합니다.', '또띠아 한쪽면에 토마토소스를 2T덜어 바르고 캔참치의 기름기를 최소화하여 올려줍니다', '그 위로 양파올리고', '햄올리고', '청양고추는 잘게썰어 고루 분포시켜 올리고 본인이 좋아하는 재료 더 추가합니다.', '다른 또띠아의 한면에도 토마토소스를 2T 발라줍니다', '기존에 재료쌓아올린 또띠아에 치즈를 듬뿍올리고', '덮어줍니다\n그리고 이대로 전자렌지에서 2분 돌려주면\n전자레인지', '끝', '치즈가 녹아있죠', '먹기좋게 잘라주고', '하나씩', '집어들어', '먹으면\n기가 막히는 맛입니다♥']","['참치', '닭가슴', '맛보장', '또띠아', '퀘사디아', '초스피드', '일상', '손님접대', '햄', '초간단', '전자렌지', '전자레인지', '내맘대로요리']","['2장', '1개', '취향껏', '0.5개', '1개', '4T']"
100,빵,,,,초간단 머그컵 퐁당 오 쇼콜라*.*,https://www.10000recipe.com/recipe/6885805,"91,796",킴유대앵,1인분,5분 이내,아무나,"['초콜렛다크 추천', '설탕', '카놀라유올리브유 빼고', '계란', '밀가루아무거나', '핫초코가루']","단거를 너무 좋아해서 집에서 땡길때 마다 숟가락 하나로 만들어 먹었어요@,@
노오븐 노계량 노버터에 집에 거의 있는 재료들로 뚝딱할 수 있음!
달달한 디저트 땡길때 추천이에요!","['머그컵에 초콜렛 2스푼, 설탕 3스푼, 오일 2스푼을 넣고\n섞어주세요~', '전자렌지에 30초씩 2번 돌려서 녹여주세요\n(한번에 돌리면 초코가 타니까 30초씩해서 총 1분)\n전자레인지', '녹인 초코에 계란 한 알을 넣고 섞어주세요', '밀가루 한스푼 넣어주세요\n(체에 치면 좋음, 귀찮으면 숟가락으로 잘 섞으면 돼욤)', '코코아 가루나 핫초코 가루 2스푼 넣고 잘 섞어주세요', '전자렌지에 40초를 머그컵채로 돌려주면 끝!!!\n(초코가 흐르는게 좋다면 30~40초만,\n빵처럼 뽀송뽀송을 원하면 10초정도 더 돌려주세요)']","['초간단', '노오븐', '노계량', '노버터', '디저트']","['다크 추천', '3스푼', '올리브유 빼고', '1개', '아무거나', '2스푼']"
101,빵,,,,오븐없이 만드는 갈릭버터치즈피자,https://www.10000recipe.com/recipe/6853446,"112,573",불량엄마소자매마미,2인분,10분 이내,아무나,"['또띠아', '버터', '다진마늘', '꿀', '피자치즈']","이도 저도 재료도 없다~~~!!!
하시는 분들에게 꿀 레시피~^^
완전 간단한데 맛은 기가 막힌 ㅋㅋㅋ 꿀치즈 피자를 소개해드려요^^
전자레인지 돌리는 것까지 10분이 안 걸리는 초간단 레시피예요^^
아이 간식으로 물론 어른들 간식으로도 만점~!!!!
꿀에 찍어 먹으면 너무 맛있어요^^
마늘향이 버터와 어우러져 풍미가 굿굿굿~^^","['다진마늘 한큰술에', '버터 한 큰 술을 넣어 전자레인지에 10초 돌려주세요~^^\n전자레인지', '녹은 버터와 마늘을 잘 섞어 준비', '녹은 버터와 마늘을 잘 섞어 준비', '토르티야에 마늘 버터를 잘 발라주고~', '한장더 발라주면 끝', '치즈를 가장자리는 비우고 골고루 뿌려주면 완성~!\n준비하는데 5분도 안 걸린다지요^^', '전자레인지에 3~4분 돌려주면 끝!\n집집마다 전자레인지의 효력은 조금씩 다를 테니 조절하셔요^^', '잘구워진 버터갈릭치즈피자완성', '가위로 먹기 좋게 잘라~ 꿀과 함께 내어내면 끝~!']","['초간단', '아이간식', '오븐없이만드는피자']","['2장', '1숟가락', '1숟가락', '1숟가락', '적당량']"
102,빵,,,,톡톡 터지는 고소함!콘치즈파이 초간단 레시피,https://www.10000recipe.com/recipe/6900601,"116,926",뽀유TV,1인분,15분 이내,아무나,"['식빵', '설탕', '캔옥수수', '마요네즈', '피자치즈']",콘치즈는 그냥 먹어도 맛있지만 식빵속에 넣고 콘치즈파이를 만들어도 넘 고소하면서 맛있답니다!간식으로 강추해요^^,"['먼저 식빵은 2개를 겹쳐서 테두리를 깔끔하게 잘라내 주신 뒤 밀대로 식빵을 얇게 밀어 줍니다.\n남은 식빵 테두리는 러스크 만들어 드시면 좋아요', '캔 옥수수2스푼에 설탕1/2스푼,모짜렐라 치즈, 마요네즈를 취향것 넣고 잘 섞어 주세요.', '식빵 가운데 콘치즈를 올려주시구요. 식빵 테두리 겉면에 물이나 계란물을 살짝 발라 포크로 꾹꾹 눌러가며 봉합해줍니다.', '아무것도 두르지 않은 팬에 노릇노릇 하게 구워주시면 끝!!!이때 속에 치즈가 녹아야 하니 약불에서 천천히 구워주셔요!', '톡톡 터지는 고소함 가득 콘치즈 파이 완성입니다^^', '반으로 갈라보면 치즈가 쭈욱 늘어나는데요.한입 먹어보니 바삭한 식빵에 고소한 콘치즈가 만나 넘 맛있어요.톡톡 씹히는 옥수수 식감이 참 좋습니다^^']","['콘치즈파이', '콘치즈', '간식', '간단한간식', '홈메이드', '홈메이드간식', '간단한요리', '디저트']","['2장', '1/2T', '2T', '적당히', '적당히']"
103,빵,,,,노오븐 베이킹/햄치즈빵 : 간단한 간식 만들기,https://www.10000recipe.com/recipe/6860385,"93,291",반이짝이,1인분,10분 이내,초급,"['모닝빵', '햄', '피자치즈큰', '옥수수콘큰']",오븐없이 전자렌지로 간단하게 만들 수 있는 간식이에요 ^^,"['모닝빵, 햄, 치즈, 피자치즈\n통조림옥수수, 마요네즈/꿀을 조금씩 준비해주세요', '모닝빵 속에 재료를 넣을 수 있도록 윗부분을 자르고 속의 빵을 빼주세요', '슬라이스치즈와 햄을 4등분하여 잘라서 크기에 맞춰 빵속에 넣어주세요', '그리고 콘옥수수를 넣어줍니다 (콘옥수수는 마요네즈와 꿀을 살짝넣어섞어주심 되요 ^^)', '마지막으로 피자치즈를 뿌려줍니다', '전자레인지에 넣고 30초간 돌려주면 끝~!! 오븐없이 간단하게 할 수 있는 맛있는 간식이 탄생하는 순간이에요 ^^\n전자레인지']","['노오븐베이킹', '모니빵활용', '간단간식']","['3-4개', '3-4슬라이스', '큰', '큰']"
104,빵,,,,[간단 자취요리] 몽쉘로 쫀득쫀득 컵브라우니 만들기!,https://www.10000recipe.com/recipe/6865340,"49,199",얌무,1인분,5분 이내,아무나,"['구매', '우유', '초콜릿']","안녕하세요 여러분!
오늘은 발렌타인데이죠? 주변사람들과, 연인들과 초콜렛 많이 주고받으셨나요ㅎㅎ
저는 이렇게 발렌타인데이도 자급자족으로...:D
여러분들도 브라우니 간단하게 만들어서 드셔보세요 ㅎㅎ
슬프다구요? 기분 탓이에요 (엉엉)
그리고 오늘은 완성 영상이랑 사진이 없어서
앞뒤가 휑~한점 양해부탁드려요..ㅋㅋㅋ","['재료를 준비합니다', '우선 몽쉘을 그릇에 넣고 으깨줍니다.', '우유도 넣고 비벼줘요.\n우유는 +,- 가능해요 우유가 많으면 좀 더 부드러운 느낌이고\n우유가 적으면 더 쫀득한 느낌입니다!', '컵에 반을 채워주세요 :D', '중간에 초콜릿을 넣어주세요 (생략가능)', '윗부분도 반죽으로 덮어줍니다.', '전자렌지에 돌려주세요.\n전자레인지\n전자렌지 사양에 따라 달라서 우선 저는 1분 + 1분 30초 돌려줬는데요 여러분들은 1분 돌리시고 상태보시면서 30초씩 추가해보세요 그게 제일 안전합니다! 당연히 양이 늘어나면 돌리는 시간도 늘어나겠죠? (사양이 다 다르니까 콕 집어서 말해드리기가 애매하네요 ㅠㅠ)']","['초콜렛', '브라우니', '초간단', '전자렌지', '컵브라우니', '디저트']","['4개', '5~6T', '약간']"
105,과자,,,,마늘아몬드조림 레시피,https://www.10000recipe.com/recipe/7071744,"1,032",EllyaKr,4인분,20분 이내,아무나,"['마늘', '아몬드', '통깨', '식용유', '물', '물엿', '간장']","마늘과 아몬드를 좋아하신다면, 이 간식은 당신을 위한 것입니다. 빠르고 간단하죠 :)","['재료를 준비하세요. 마늘 껍질을 벗기세요. 팬에 기름을 두르고 달구세요. 마늘을 올리세요. 마늘이 노릇노릇해질 때까지 볶으세요 (5-7 min)', '마늘이 다 볶아지면 아몬드를 팬에 넣으세요. 마늘과 아몬드를 3-5분 더 볶으세요.', '팬에 간장, 물, 물엿을 넣으세요. 소스가 걸쭉해지고 마늘, 아몬드와 섞일 때까지 2-3분 더 볶으세요. 불에서 내리신 후, 깨를 뿌려서 드세요']","['마늘', '아몬드', '메인반찬', '반찬', '마늘아몬드']","['40개', '35개', '1티스푼', '15큰술', '2큰술', '2큰술', '2큰술']"
106,과자,,,,비스켓,https://www.10000recipe.com/recipe/6836906,"66,614",아내의식탁,6인분 이상,60분 이내,초급,"['밀가루박력분', '설탕', '소금', '무염버터', '우유', '베이킹파우더', '딸기잼']","오늘은 아이들 간식이나 식사대용으로 이용할 수 있는 일명 KFC 비스켓을 만드는 법을 알려드릴게요. KFC 비스켓은 겉은 바삭하고 속은 부드러운 비스켓이에요. 딸기잼과 곁들여서 모닝빵 대용으로 이용해도 좋은데요. 가족들의 기호에 따라 건크랜베리나 피칸, 초쿄칩 등을 넣어서 다양하게 응용하셔도 좋답니다.^^","['볼에 밀가루, 설탕, 소금을 섞어주세요. 차가운 상태의 버터를 넣고 주걱 또는 스크래퍼로 버터를 잘게 잘라주며 밀가루의 색이 노란색이 될 때까지 섞어주세요. 우유와 베이킹파우더를 넣어서 섞은 후 냉장고에서 30분정도 휴지시켜주세요.', '팬 위에 유산지를 깔고 적당한 크기로 반죽을 떼어서 올려주세요.', '예열한 오븐에서 180도로 15분간 구워주세요.\n오븐', '완성입니다!']",[],"['200g', '27g', '2g', '80g', '110ml', '6g', '']"
107,과자,,,,"카라멜 입힌 식빵팝콘 레시피, 홈극장 별미",https://www.10000recipe.com/recipe/6897704,"124,297",쿡팁,2인분,10분 이내,아무나,"['식빵', '물', '설탕', '우유', '버터']",집에서 영화 보시는 경우가 상당히 많으신데요. 영화만 보면 섭섭할 수 있지요. 그래서 준비한 식빵팝콘레시피에요.,"['식빵 2개를 가위로 네모지게 잘라 주세요.\n가위', '식빵을 프라이팬에 올려서 한번 구워내 주세요. 구워진 식빵은 다른곳에 덜어내 주세요.\n자른식빵 2개\n프라이팬\n중불', '물 5 T와 설탕 4T를 프라이팬에 올려 프라이팬에 열기에 녹아 내려 물엿처럼 될때까지 가만히 두세요.\n설탕 4T, 물 5T\n빨리 녹인다고 절대 저으시면 안돼요.', '설탕물이 끓어 오르기 시작하면 버터 1T를 넣어 주세요\n버터 1T\n이 때도 저으시면 안돼요.', '이렇게 버터가 녹으면 색깔이 카라멜 색상이 나와요.\n여기에 우유를 넣어 섞어주세요.\n이때 미리 구워 놓았던 식빵을 투하해 주세요. 식빵에 잘 묻어 나도록 잘 섞어 주세요.', '식빵에 카라멜 색상이 입혀지면 종이호일을 깔고 한킴식혀 주시면 굳어지면서 식감이 살아나요.\n종이호일', '영화 한편 보시러 가시죠~~']","['초간단', '간식', '식빵', '팝콘', '식빵팝콘', '레시피', '극장간식', '영화볼때']","['2장', '5T', '4T', '3T', '1T']"
108,과자,,,,"연유쿠키 만들기, 아이와 함께 즐기는 홈베이킹 레시피",https://www.10000recipe.com/recipe/7077396,500,몽글쿡,4인분,120분 이내,아무나,"['박력분', '연유단맛을 좋아하시면 10g 정도 추가 가능', '무염 버터', '소금', '바닐라 익스트랙선택']","아이와 함께 만들기 좋은 달콤한 연유쿠키를 구워보았어요.
특별한 재료 없이 집에 있는 기본 재료만으로 만들 수 있어서 부담 없고,
반죽도 어렵지 않아 아이와 함께 홈베이킹하기 좋은 메뉴랍니다.
버터의 고소한 풍미와 연유의 달콤함이 더해져 한 번 먹으면 자꾸 손이 가는 맛이에요.
주말 간식이나 간단한 선물로 추천드리는 연유쿠키, 지금 시작할게요.
​","['상온에 두어 말랑해진 버터를 볼에 넣고 거품기로 부드럽게 풀어주세요.\n마요네즈처럼 부드러운 질감이 되면 준비해주세요.\n버터를 충분히 풀어주면 반죽이 더욱 고르게 섞이고 식감도 좋아져요.', '부드러워진 버터에 연유와 소금을 넣고 골고루 섞어주세요.\n바닐라 익스트랙이 있다면 이때 함께 넣어주세요.\n은은한 향이 더해져 더욱 맛있는 쿠키를 만들 수 있어요.', '박력분을 체에 내려 넣어주세요.\n주걱을 세워 1자를 그리듯 자르면서 가볍게 섞어주세요.\n가루가 보이지 않을 정도로만 섞는 것이 중요해요.\n너무 오래 치대면 글루텐이 생겨 쿠키가 딱딱해질 수 있으니 주의해 주세요.\n반죽의 일부를 손으로 집어 가볍게 눌렀을 때 한 덩어리로 뭉쳐진다면 반죽이 잘 된 상태예요. 만약 가루가 흩어진다면 조금 더 섞어주시고, 너무 끈적거리거나 질다면 과하게 섞인 것은 아닌지 확인해 주세요.', '반죽이 완성되면 비닐봉지에 담아 원하는 모양으로 만들어주세요.\n원통형이나 사각형 모두 좋으며 냉동실에 30분에서 1시간 정도 넣어 단단하게 굳혀주세요.\n반죽이 충분히 굳어야 깔끔하게 썰 수 있어요.\n단단해진 반죽은 약 0.7~1cm 두께로 일정하게 썰어주세요.\n아이와 함께 쿠키틀을 이용해 다양한 모양을 만들어도 좋아요.\n만약 반죽이 말랑해졌다면 냉동실에 10분 정도 다시 넣어 단단하게 만든 후 작업해 주세요.', '오븐 팬에 종이호일을 깔고 쿠키 반죽을 일정한 간격으로 올려주세요.\n구우면서 약간 퍼질 수 있으므로 간격을 두고 배치하는 것이 좋아요.\n160도로 예열한 오븐에서 약 12~15분간 구워주세요.\n가장자리에 노릇한 색이 보이기 시작하면 바로 꺼내주시면 돼요.\n갓 구워 나온 쿠키는 매우 부드러운 상태라 쉽게 부서질 수 있어요.\n팬 위에서 5~10분 정도 그대로 식혀주세요.\n버터가 굳으면서 자연스럽게 바삭한 식감이 완성돼요.\n손으로 살짝 만졌을 때 ""이제 단단해졌네?"" 싶은 정도가 되면 식힘망으로 옮겨 완전히 식혀주세요.\n충분히 식혀야 겉은 바삭하고 속은 부드러운 연유 쿠키의 식감을 제대로 즐길 수 있어요.', '달콤한 연유와 고소한 버터가 만나 완성된 연유 쿠키는 남녀노소 누구나 좋아하는 간식이에요.\n특히 아이와 함께 반죽을 밀고 모양을 찍으며 만드는 과정 자체가 즐거운 추억이 된답니다.\n집에 있는 재료로 간단하게 만들 수 있으니 주말 홈베이킹 메뉴로 꼭 한번 만들어보세요.']","['연유쿠키레시피', '연유쿠키만들기', '키즈베이킹쿠키', '홈베이킹레시피쿠키', '홈베이킹', '박력분베이킹쿠키', '홈베이킹쿠키보관법', '연유레시피']","['200g', '단맛을 좋아하시면 10g 정도 추가 가능', '80g', '1g', '선택']"
109,과자,,,,♥[신혼밥상] 아몬드초코칩쿠기,https://www.10000recipe.com/recipe/6926078,"7,532",행복한윤블리네,2인분,30분 이내,초급,"['박력분', '코코아파우더', '아몬드 슬라이스', '무염버터', '설탕', '달걀노른자', '바닐라에센스']","초간단 간식
바삭바삭 고소함 가득
'아망디오 쇼콜라'
고급 디저트 아몬드 초코칩 쿠기
처음 만들어 봤는데 만족 만족*^.^*
햇살이 따뜻한 오후 커피한잔의 여유 메뉴!","['실온 무염버터 62g부드럽게 잘 풀어주세요.\n바삭함보다 부드러운 식감을 원하시면 버터 10g 추가', '설탕 40g 넣어주세요.\n단맛을 좋아하면 설탕 10g 더 추가!', '달걀 노른자 1개와 바닐라에센스 약간 넣고 잘섞어주세요.', '박력분 100g을 체에 걸러주세요.', '코코아 파우더 20g을 넣고 뭉쳐지 만큼만 반죽을 해주세요.', '슬라이스 아몬드를 넣고 단단해질때까지 반죽해주세요.', ""모양을 잡아 1시간정도 '냉동실'에 넣고 굳혀주세요.\n전날 미리 반죽해서 '냉장실'에 하루 휴지시켜줬더니 개인적으로 더 맛있었어요.\n틀에 넣어 잡아주면 모양이 일정해서 예쁨!"", '1cm 두께로 일정하게 잘라주세요.', '180도 온도에서 13~15분 정도 구워주세요.\n오븐기의 종류에 따라 온도차이가 있을 수 있어요^^;', '식힘망에 식혀주면 바삭 고소 아망디오쇼콜라(아몬드초코칩쿠키) 완성입니다.\n더 바삭함을 원한다면 식혔다가 1~2분 정도 살짝 더 구워주세요.']","['신혼밥상', '아망디오쇼콜라', '아몬드초코칩쿠키', '아몬드쿠키', '초코칩쿠키', '쿠키', '아이간식', '초간단간식', '과자', '디저트']","['100g', '20g', '60g', '62g', '40g', '1개', '약간']"
110,과자,,,,또띠아마늘칩 -10분이면 가능 또띠아칩 #간단간식,https://www.10000recipe.com/recipe/6860598,"117,340",시크제이맘,2인분,10분 이내,아무나,"['또띠아', '버터', '다진마늘', '파슬리가루', '꿀']","간단하게 누구나 만들수있는 바삭한또띠아칩
마늘과 버터를 넣어 더욱 맛있어요","['그릇에 버터1,다진마늘0.5,파슬린가루0.5,꿀1 또는 시럽\n마늘 좋아하심 양을 늘려주세요.\n버터는 전자렌지 또는 중탕으로 녹여주세요.\n전 미리 실온에 꺼내 두었답니다.\n잘 섞어주세요.\n전자레인지', '또띠아 위에\xa0 마늘소스를 고루 펴주고', '가위를 이용해 적당한 크기로 잘라 줍니다.\n오븐 180도 5분~8분정도 구워주면 완성\n중간 중간 체크해주세요.\n오븐', '또띠아마늘칩 완성']","['또띠아', '또띠아마늘칩', '또띠아칩', '간단간식', '간단레시피']","['2~3장', '1스푼', '0.5스푼', '0.5스푼', '1스푼']"
111,과자,,,,<호두비스킷> 재료가 딱 4가지~~너무 쉬운 베이킹~~^^,https://www.10000recipe.com/recipe/1135209,"43,010",문성실,2인분,60분 이내,아무나,"['호두', '달걀 흰자', '설탕', '밀가루']","요즘 이 호두 비스킷을 자주 만들어서 먹어요.. 만들기도 쉽고, 재료도 무지 간단하고....^^ 매달 구입해서 보고 있는 슈퍼레시피에 참으로 착하고 괜찮은 베이킹 레시피가 실렸더라고요... 이름하여 호두비스킷... 여러번 구워 먹어보고 제 입맛에 맞는 레시피를 다시 만들어 보았어요... 뭐~~호두 양 늘리고, 설탕 양을 줄이고....^^ 원래 레시피대로 하면 설탕의 양이 많다 싶어서 제 입맛에는 많이 달더라고요.. 그리고 호두의 양도 조금 더 늘려도 되겠다 싶어서 호두 잔뜩 넣고 구운~~ 바삭바삭 담백하고도 영양가 많은 과자가 만들어 지지요~~~ 대충 만들어도 맛있고, 신기하게 잘 구워지는 호두비스킷...ㅎㅎ","['먼저 호두(70g)는 칼로 잘게 다지고..... 다소 시간을 많이 잡아 먹는 부분이죠...ㅋㅋ 호두를 칼로 잘게 다지는 시간이 생각보다 많이 걸릴 수 있어요... 블랜더로 기름기가 나오지 않는 선(?)까지 보슬보슬하게 갈아 주셔도 좋아요....', '달걀흰자(1개분)에 설탕(40g)을 넣고.....', '거품기를 이용해서 저어주기....... 살짝만 저어주면 금세 이렇게 설탕이 녹으면서 뿌옇게 변해요~~', '호두 다진것과 밀가루(1큰술)을 넣고......', '그냥 섞어주기만 하면 이런 상태가 되지요....', '반죽을 숟가락을 이용해서 둥글넙적하게 펴주고.... 이때 주의할 건... 아무리 오븐 팬이 좋다고 하더라도~~ 이 얇고 바삭한 비스킷을 구울 때는 그냥 오븐팬 바닥에 굽지 말고.. 반드시 테프론 시트(실리콘 페이퍼)나 종이호일 같은 것을 깔고 구우시라는 거.....', '170도로 미리 예열한 오븐에 넣고 15~18분 정도 구워주면 끝.....\n오븐']",[],"['70g', '1개', '40g', '1큰술']"
112,과자,,,,비건베이킹인데 너무 맛있는 감자 크래커!,https://www.10000recipe.com/recipe/6930572,"44,142",MJ홈베이킹,5인분,60분 이내,아무나,"['박력분', '소금', '설탕', '카놀라유', '으깬감자', '장식용 설탕']","비건베이킹이에요 ~!
감자 좋아하시나요? 저 메쉬드 포테이토 환장하고 먹는 귀신인데
요 크래커 정말 좋아해요
입이 삼삼하니 심심할때 먹다보면 어느새 뚝딱 없어져요","['감자를 담은 볼에 물을 약간 넣고, 랩핑하여 전자레인지에 9분 돌립니다.\n전자레인지', '익은 감자를 으깨 준비해 주세요.', '박력분과 소금, 설탕을 한데 섞고', '오일을 넣어 부슬부슬하게 섞어 줍니다.', '반죽에 으깬감자를 넣고 섞어주며\n재료가 한 덩어리가 되도록 뭉치듯 반죽합니다.', '반죽에 종이호일을 깔고 밀대로 밀어 얇게 펴주세요.', '반죽을 원하는 형태로 잘라 팬닝 합니다.', '팬닝한 반죽에 포크로 구멍을 내고 설탕을 뿌려주세요.', '170도 예열된 오븐에서 15-20분 가량 구워 냅니다.\n[오븐 사양마다 차이가 있으니 구움색을 반드시 확인합니다.]\n오븐']","['감자', '감자베이킹', '감자처리', '감자간식', '감자베이킹만들기', '감자쿠키', '감자크래커', '크래커만들기', '핑거푸드']","['150g', '1g', '15g', '40g', '100g', '약간']"
113,차/음료/술,,,,땅콩버터 두부쉐이크,https://www.10000recipe.com/recipe/7054093,"7,623",만개의레시피,2인분,15분 이내,아무나,"['바나나', '두부', '땅콩버터', '우유', '소금', '알룰로스', '땅콩분태']","아침을 챙겨 먹는 건 정말 힘든 일이에요! 바쁜 아침에 간단하게 뭘 먹을 수 있을까요?
오늘은 고~소한 땅콩버터가 들어간 땅콩버터 두부쉐이크를 알려드릴게요.
바나나, 두부, 땅콩버터가 들어가 영양은 물론 아침에 속까지 든든하게 만들어줘요.","['두부는 가볍게 물기를 닦아요.\n키친타올', '바나나는 한입 크기로 잘라요.\n도마\n,\n조리용나이프', '믹서기에 바나나, 두부, 우유, 소금, 땅콩버터, 알룰로스를 넣어요.\n믹서기\n기호에 따라 당도는 조절해주세요.', '곱게 갈아 컵에 나눠 담아요.\n컵', '땅콩분태를 뿌려 완성해요.']","['땅콩버터', '두부쉐이크', '단백질쉐이크', '쉐이크레시피']","['2개', '1/2모', '60g', '300ml', '약간', '2T', '약간']"
114,차/음료/술,,,,"아이들이 좋아하는 초간단 간식, 퐁크러쉬 쉐이크 레시피",https://www.10000recipe.com/recipe/6905021,"36,451",쿡팁,1인분,5분 이내,아무나,"['죠리퐁', '우유', '쿠앤크아이스크림']",너무 간단해서 황당스럽지만 그 맛은 일품인 퐁크러쉬를 소개할게요.,"['준비물을 준비해 주세요.\n죠리퐁, 쿠앤크, 우유, 잔', '쿠앤크 아이스크림을 잘게 썰어 주세요.', '우유를 부어 주세요.\n우유가 아이스크림 잠길만큼만 넣어 주세요.', '죠리퐁을 부어 주시면 돼요.', '퐁크러쉬 쉐이크 완성입니다.']","['초간단', '간식', '레시피', '쉐이크', '음료']","['1봉지', '100ml', '1개']"
115,차/음료/술,,,,미나리카레전(안 해 먹으면 평생 후회),https://www.10000recipe.com/recipe/6911586,"37,981",비바스밥,2인분,15분 이내,초급,"['미나리', '부침가루', '물', '카레가루']","♡ 미나리와 카레의 환상 궁합입니다
아이들도 맛있게 먹을 수 있는 맛이예요^^","['미나리 한움큼을 잘 씻어 준비해요', '부침가루 200, 물 300을 넣어요', '거품기로 잘 풀어요 충분히 저어주어야 쫄깃해요', '카레가루를 2숟가락 넣어서 잘 풀어요', '미나리는 짧게 잘라요', '풀어 놓은 부침가루 반죽에 미나리를 넣어요', '달군 팬에 한 주걱을 얹어요', '가장자리가 익어 갈 때 뒤집었어요', '앞뒤 모두 노릇하게 구워요']","['미나리', '미나리전', '간식']","['1움큼', '200ml', '300ml', '2숟가락']"
116,차/음료/술,,,,요즘 인스타에서 엄청 핫~한! 과육이 팡★팡 리얼 생딸기우유,https://www.10000recipe.com/recipe/6881910,"44,719",스마트카라,1인분,10분 이내,아무나,"['딸기', '설탕', '우유']","진짜 딸기 과육이 팡팡 씹히는 혜자 딸기우유♥
싱싱한 제철 겨울딸기로 인스타 분위기 제대로~!","['딸기는 깨끗이 씻어 준비한다.', '딸기 5개는 깍둑썰기하여 준비한다.\n딸기 5개', '딸기 10개는 볼에 넣어 설탕과 함께 으깨준다.\n딸기 10개,설탕 3T\n볼', '컵에 3을 넣고 우유를 붓는다.\n우유 300ml', '4 위에 깍둑 썰기한 딸기를 올려 완성한다.']","['음식요리', '레시피', '딸기', '생딸기우유', '디저트', '간식', '과육', '겨울', '인스타', '리얼딸기']","['15개', '3T', '300ml']"
117,차/음료/술,,,,♥[신혼밥상] 바나나&곡물 쉐이크,https://www.10000recipe.com/recipe/6931139,"5,190",행복한윤블리네,1인분,5분 이내,아무나,"['얼린 바나나', '우유', '미숫가루']","바쁜 아침!
간단 든든 배불 배불한 한끼식사~
바나나우유에 곡물을 더해 더욱 고소해졌습니다.
아침식사는 물론 다이어트 식단
그리고 아이들 간식으로 적극추천해요.","['얼린 바나나 1개를 믹서기에 넣어주세요.\n바나나껍질을 벗겨서 그릇에 담아 냉동실에 보관하면 오래 두고 시원하게 드실 수 있어요.', '우유 200ml을 넣어주세요.', '미숫가루 1숟가락을 넣어주세요.', '믹서기에 위~~잉 갈아주세요.\n걸쭉하면 우유 추가^^', '5분 쉐이크 완성!']","['신혼밥상', '바나나우유', '곡물쉐이크', '미숫가루', '간식', '아침식사', '쉐이크', '바나나쉐이크', '다이어트', '바나나']","['1개', '200ml', '1숟가락']"
118,차/음료/술,,,,겨울음료 진저레몬티,https://www.10000recipe.com/recipe/7070043,439,뿡씨스터즈,5인분,10분 이내,아무나,"['생강', '물', '레몬']","겨울에 몸도 보호하고
지친 하루의 피로를 풀어줄
겨울음료 진저레몬티 끓여 볼게요","['생강 넉넉히 준비!', '생강은 껍질을 벗겨 잘게 썰어 주세요', '썬 생강은 냄비에 담아 주고\n물 1L 부어주고 뚜껑을 덮어 끓여 주세요', '생강차가 완성되면 생강을 건져내 주고 끓여 주세요', '컵에 레몬 1/2개 짜주세요', '레몬즙에 생강차를 적당히 부어주면\n찐 진저레몬티 완성!\n간단하고 건강한 겨울음료로\n몸도 따뜻하게 보호하기 좋게\n잠들기 전에 하루의 피로를 날려 보시는건 어떨까요?^^']","['진저레몬티', '진저레몬티재료', '진저레몬티레시피', '진저레몬티만들기', '생강레몬차', '생강레몬차재료', '생강레몬차레시피', '겨울음료', '따뜻한음료', '다이어트음료']","['넉넉히', '1L', '1/2개']"
119,차/음료/술,,,,122.멜라토닌케일스무디(ft.잠솔솔)(2025.8.18),https://www.10000recipe.com/recipe/7060587,483,벚꽃조이나,2인분,20분 이내,아무나,"['케일잎', '구매', '귤청', '생수']","밤에 잠을 잘 이루지 못한 날, 뭐 좋은 방법 없나 찾다가 케일잎의 마그네슘 성분이 깊은 잠으로 이끌어 준다기에
칼밥님의 레시피로 시작해 봅니다^^
-가감응용합니다~","['케일잎은 잘 씻어 물기 털고 줄기 자르고 잎을 대충 썰어요.\n도마\n,\n조리용나이프', '볶은 캐슈넛, 생수, 자른 케일잎, 귤청 을 블랜더에 넣어 갈아요.\n믹서기', '마그네슘이 멜라토닌을 형성해 잠을 잘 오게 한다고 해요. 이날 참 잘 잤어요. 멜라토닌 약을 먹는 것보다 음식으로 섭취하는 것을 몸이 좋아할 것 같아요.^^\n컵']","['멜라토닌', '멜라토닌스무디', '멜라토닌케일스무디', '벚꽃조이나요리', '마그네슘', '깊은잠', '피부건강', '면역력']","['200g', '1줌', '100ml', '2컵']"
120,차/음료/술,,,,"햄,치즈 오이롤~*",https://www.10000recipe.com/recipe/6929865,"10,237",밥차리라,1인분,10분 이내,아무나,"['슬라이 햄', '체다치즈', '오이', '머스타드', '갈색설탕', '마요네즈']",간단 맥주안주,"['오이 깨끗히 씻은 후 꼭지를 잘라 내고 필러로 오이 끝을 두세번 벗겨내고', '깍아 내어 사용합니다', '체다치즈 3등분으로\n잘라주고', '샌드위치햄도 3등분으로\n잘라준다\n(저는 일반 햄으로 잘라 주었어요)', '오이 위 치즈,햄 올리고', '도르르~ 말아서', '꼬지에 끼워 완성합니다', '소스는 머스타드,마요네즈\n갈색설탕 넣고 섞어요\n소스에 콕~ 찍어 맛있게 냠 냠~']","['맥주안주', '간단안주', '술안주', '햄', '치즈', '손님초대']","['2장', '2장', '1개', '2큰술', '1티스푼', '1티스푼']"
